ShopID,Price,Total Volume,PLU4046,PLU4225,PLU4770,Total Bags,Small Bags,Large Bags,XLarge Bags,Type,Year,City,Rating,Major Size,Population
1,7014,1147,42819,29870,8710,4487,1972,4365,1474,organic,2016,Pittsburgh,7,84,1715297
2,2625,2606,35676,5164,45339,2241,4691,3408,1224,organic,2016,Portland,7,84,5070
3,5726,3231,8165,36425,37775,1457,1503,2628,1292,organic,2015,Charlotte,7,84,1467362
4,6752,957,5625,17284,42483,2819,1526,3435,1997,organic,2017,Albany,7,84,90515
5,2264,111,39557,12416,14983,1554,1185,1298,1029,conventional,2018,Albany,7,84,26445
6,2034,4694,18931,40294,12149,4124,2780,3047,961,organic,2017,Detroit,7,84,3522206
7,7861,4977,25938,2682,38165,2165,3074,4160,1375,conventional,2016,Pittsburgh,7,84,1715297
8,7282,209,8043,47788,27410,2658,1331,1682,1030,conventional,2017,Southeast,7,84,18288
9,6333,331,4884,6031,34588,1159,3923,2317,952,organic,2017,Seattle,7,84,3643765
10,1679,1061,4663,37593,48376,4920,1047,1470,1014,organic,2015,Tampa,7,84,2804240
11,4133,4389,33963,2386,22747,4626,3203,2728,1466,organic,2015,Portland,7,84,2052796
12,5963,2697,8859,19690,47372,3040,3687,4746,623,organic,2017,Pittsburgh,7,84,1715297
13,4817,711,20516,11074,34617,1360,1866,1972,879,organic,2015,Jacksonville,7,84,21512
14,4005,3961,46400,7028,44514,3706,3405,3241,1182,organic,2016,Columbus,7,84,1528314
15,4260,3575,47148,46163,9070,1545,2362,4029,1517,conventional,2016,California,7,84,6364
16,2011,3013,8196,8772,25526,1133,2259,1317,1386,conventional,2015,Portland,7,84,12020
17,2710,3107,49740,49403,44156,4416,3185,3891,1758,conventional,2015,Portland,7,84,12020
18,1847,3949,34805,2574,25206,1152,3352,2024,1780,organic,2017,Columbus,7,84,23123
19,1178,4115,25413,42611,15446,2063,4674,4864,781,organic,2016,California,7,84,13440
20,5810,2677,21697,38550,45749,4113,3840,4977,1509,conventional,2017,Jacksonville,7,84,28513
21,2056,2537,19048,43425,30844,1442,2298,2395,1790,organic,2017,Pittsburgh,7,84,1715297
22,3313,578,31544,21606,29773,3981,4047,4819,842,conventional,2017,Syracuse,7,84,407259
23,1218,4670,24487,49005,15183,1016,3361,2680,1784,organic,2018,Louisville,7,84,21128
24,3014,629,35623,40377,24934,2574,3450,2058,1251,organic,2016,Syracuse,7,84,29507
25,2593,4530,40131,25339,33686,1736,2045,4171,947,conventional,2016,Jacksonville,7,84,1156291
26,4938,1366,28894,11549,20498,3646,4106,4980,1068,organic,2017,Louisville,7,84,9335
27,5782,3487,28110,36478,4789,1178,2344,4373,1460,conventional,2017,Philadelphia,7,84,7545
28,5463,4514,48124,39717,4038,1144,5000,1373,1215,conventional,2016,Houston,7,84,5446468
29,7416,1396,49619,33988,33304,3276,4064,3319,1697,organic,2017,Portland,7,84,5929
30,2048,611,27917,15028,19379,3169,1783,4590,1873,organic,2017,Sacramento,7,84,1854698
31,6492,1858,5169,48371,10470,4367,1458,3795,1144,organic,2017,Denver,7,84,2787266
32,7607,4412,32498,16635,18630,3483,3581,4877,1106,conventional,2017,Tampa,7,84,2804240
33,5214,2331,26612,7395,37220,3818,3641,3769,1633,conventional,2015,Louisville,7,84,9335
34,1632,3217,22722,45335,27952,1983,1892,3488,914,conventional,2015,Syracuse,7,84,407259
35,7399,474,22340,21039,23961,1477,4905,1777,744,conventional,2017,Louisville,7,84,21128
36,1759,82,8513,38397,10924,4587,4855,4433,911,conventional,2015,Columbus,7,84,58771
37,1399,930,12534,32861,18023,1267,1237,4764,1367,organic,2015,Houston,7,84,5446468
38,1661,2433,20488,12778,21441,1674,3010,4378,1109,organic,2018,Albany,7,84,90515
39,6298,3157,4646,15073,4112,4155,2250,1611,648,conventional,2016,Atlanta,7,84,5541
40,4893,1427,42215,22141,15277,2844,4547,3567,1272,organic,2016,California,7,84,13440
41,1780,4525,24058,29611,49718,1865,1832,4985,1458,organic,2016,California,7,84,6364
42,3449,1874,34454,23874,37293,2754,2428,1267,1134,organic,2015,Columbus,7,84,31701
43,5445,4353,34458,19078,47238,3351,3767,1729,1860,organic,2017,Louisville,7,84,1011696
44,3861,3641,15508,35401,26230,4246,4555,3684,960,organic,2016,Charlotte,7,84,1467362
45,4458,4316,11254,34288,35909,3035,2431,3887,1623,conventional,2017,Portland,7,84,9391
46,2021,2808,48365,5787,37132,3820,2582,2849,1566,organic,2015,Houston,7,84,5446468
47,3476,3453,39765,4814,15027,2769,1079,1494,1681,organic,2016,Portland,7,84,5070
48,3626,341,30755,41786,38538,3826,2462,1899,1753,organic,2016,Albany,7,84,20143
49,3453,818,42450,25804,3195,1196,3620,4623,1327,conventional,2015,Columbus,7,84,259160
50,6360,2559,27246,24665,23145,2873,4115,2390,849,conventional,2015,Columbus,7,84,23123
51,2045,2748,21213,31887,29144,4711,2068,3825,1383,conventional,2016,Portland,7,84,17287
52,7730,1669,14028,27596,32735,4590,4711,4815,1403,organic,2017,Jacksonville,7,84,108872
53,3794,4320,33451,41849,12996,2157,4451,1407,875,conventional,2015,Louisville,7,84,21128
54,4301,4565,15562,44296,49842,2586,4451,4034,1642,conventional,2016,Louisville,7,84,9335
55,3363,3194,2576,42708,33128,4175,4276,1114,1283,conventional,2017,Atlanta,7,84,5228750
56,2686,1086,49376,38444,42755,4691,4800,3292,1046,conventional,2016,Roanoke,7,84,216177
57,6659,4309,17324,39676,23018,1084,2128,3593,1002,organic,2017,Boise,7,84,385218
58,1529,1414,31568,26774,14435,1087,2299,2509,1825,conventional,2017,Roanoke,7,84,216177
59,7339,1832,22185,26290,14045,4802,1112,1762,1765,organic,2018,California,7,84,13440
60,2846,1909,21270,19956,37330,1756,3758,3426,1730,organic,2015,Indianapolis,7,84,1564699
61,7293,2479,15450,14890,20016,1753,2548,2287,1299,conventional,2015,Columbus,7,84,31701
62,4236,2021,26108,26994,15902,3836,1483,4946,1410,organic,2015,Portland,7,84,11808
63,2305,381,2696,41255,24318,4939,1580,4715,1091,conventional,2017,Jacksonville,7,84,108872
64,2843,3372,40864,21571,40590,1010,3524,4121,1452,conventional,2016,Louisville,7,84,9335
65,3666,3174,47403,2613,28209,3080,4778,2561,1960,organic,2017,Portland,7,84,9391
66,1923,3235,48392,48110,5854,4531,4884,2250,1371,conventional,2015,Syracuse,7,84,29507
67,4822,2960,31235,12119,48500,2959,4217,4487,1692,conventional,2015,California,7,84,6364
68,1289,1744,26132,7847,22913,1260,2441,3480,1204,organic,2017,Jacksonville,7,84,12612
69,3870,2094,12363,6841,29778,2795,4411,3813,1103,conventional,2015,Orlando,7,84,1776841
70,5202,4056,39009,15012,29619,4605,3065,2398,906,organic,2018,Albany,7,84,20143
71,2714,546,7202,16067,41373,3602,4912,3142,846,organic,2016,Jacksonville,7,84,28513
72,7057,3328,40441,33211,28321,4165,3409,1282,1635,conventional,2016,Albany,7,84,60795
73,3639,3353,26383,49716,20716,3885,2387,2050,1907,organic,2015,Chicago,7,84,8675982
74,2178,3059,43255,8672,10911,3224,3130,3137,1263,organic,2016,Roanoke,7,84,8135
75,1348,726,46353,41730,23033,4665,3569,1893,872,organic,2017,Portland,7,84,5929
76,2064,665,14135,35569,25674,4526,3413,4906,1771,conventional,2015,Jacksonville,7,84,1156291
77,1165,4844,19447,12007,41641,4064,3686,2927,1509,organic,2015,Columbus,7,84,259160
78,7652,810,14228,18033,34170,1005,3501,3422,1660,conventional,2017,Spokane,7,84,403043
79,6740,4929,22168,45080,47656,2579,4646,4837,937,organic,2015,Portland,7,84,5070
80,4577,3542,34441,28256,36912,1446,4058,2487,1656,organic,2017,Southeast,7,84,18288
81,7941,4688,34640,20416,48747,4685,3191,4153,1756,conventional,2017,Albany,7,84,60795
82,6500,2190,29157,21421,33994,4194,4289,2696,787,organic,2016,Portland,7,84,206023
83,6617,2773,33850,22133,44279,3186,4780,3978,749,organic,2016,Boise,7,84,385218
84,1929,4553,34158,21754,21899,2607,1138,3327,1949,conventional,2018,Southeast,7,84,18288
85,4129,2579,4363,42542,47546,3067,1229,3641,870,conventional,2016,Albany,7,84,20143
86,1565,4086,31563,28286,23770,4892,3365,4458,1074,conventional,2015,Jacksonville,7,84,12612
87,7743,3204,22483,7274,9395,1958,1685,1005,914,conventional,2018,Syracuse,7,84,7068
88,7126,3341,40828,3616,7778,1852,4352,1158,1934,conventional,2016,Jacksonville,7,84,14429
89,1217,4780,22078,11612,22341,3660,2976,2115,633,conventional,2017,Jacksonville,7,84,12612
90,2946,4468,19760,46460,3931,1768,1341,1266,815,organic,2015,Philadelphia,7,84,7545
91,3669,3763,29597,36389,31079,2274,3032,4144,1113,conventional,2016,Nashville,7,84,5487
92,7872,886,39727,17939,9520,2836,3352,2577,1056,organic,2016,Columbus,7,84,23123
93,1409,3700,45420,43540,36465,3076,3617,4566,1126,organic,2019,Jacksonville,7,84,108872
94,1955,3579,48775,28775,37612,3236,2153,4523,1054,organic,2019,Albany,7,84,90515
95,3276,444,47474,48286,35732,2648,1452,2948,853,conventional,2019,Portland,7,84,5070
96,2581,3073,37573,9217,33853,3477,3750,4746,671,organic,2019,Houston,7,84,5446468
97,5100,945,49861,23791,43353,1812,1690,1161,1901,conventional,2019,Detroit,7,84,3522206
98,5025,4146,27206,23148,41566,4973,1724,3333,1412,conventional,2019,Boston,7,84,4637537
99,2838,575,25975,2601,33577,4908,3310,4914,1060,conventional,2019,Portland,7,84,5070
100,3695,4015,46450,6052,11272,1969,1775,3274,1367,organic,2019,Portland,7,84,9391
101,2010,3176,47060,25300,9794,1517,4461,2989,716,organic,2019,Atlanta,7,84,5228750
102,3585,654,33602,33913,45096,4333,1911,3222,1119,conventional,2019,Louisville,7,84,1011696
103,3764,3715,21881,31395,8293,3398,2489,4140,698,organic,2019,Roanoke,7,84,8135
104,5904,1048,24455,29383,44134,2692,2545,4127,1511,organic,2019,Seattle,7,84,3643765
105,2693,4004,21987,18608,42409,1362,3626,1086,1766,organic,2019,Atlanta,7,84,5541
106,2869,3608,46710,2060,33750,4497,3883,3539,1251,organic,2019,Jacksonville,7,84,12612
107,6366,4663,46682,21577,28560,2634,3815,1774,750,organic,2019,Portland,7,84,17287
108,1657,2461,23166,2499,34265,1088,1251,3291,942,conventional,2019,Charlotte,7,84,12657
109,7152,3970,18397,7857,42297,4569,4977,2794,1217,organic,2019,Tampa,7,84,2804240
110,5220,4822,43034,22506,37615,3393,4158,1629,1573,organic,2019,Seattle,7,84,3643765
111,4796,3680,11301,39777,32307,4145,3020,1296,1671,conventional,2019,Albany,7,84,60795
112,3152,4937,43901,28100,45229,2342,3347,4946,794,organic,2019,Roanoke,7,84,8135
113,1471,2532,15231,2611,21413,2159,3428,1056,717,organic,2019,Philadelphia,7,84,5637884
114,7022,3746,29458,28501,19501,3110,4197,1318,1837,organic,2019,Syracuse,7,84,29507
115,2137,1396,47003,46396,48550,3949,2880,2861,1721,conventional,2019,Albany,1,84,597270
116,4415,453,12150,4995,7702,2807,1397,1989,1313,organic,2019,Houston,1,84,5446468
117,7120,2299,27395,45892,21008,3423,1612,4108,1326,organic,2019,Jacksonville,1,84,108872
118,1703,2146,15678,34381,33438,2747,4469,4575,1720,conventional,2019,Charlotte,1,84,12657
119,7749,1420,3298,36198,40064,2324,2531,1771,916,conventional,2019,Indianapolis,1,84,1564699
120,2825,4027,30248,41852,8809,3855,2518,3422,1512,organic,2019,Portland,1,84,2052796
121,5189,4014,45785,26009,37670,3061,1846,3278,1792,organic,2019,Albany,1,84,20143
122,5175,3926,26512,42730,16676,2092,2392,2494,1594,organic,2019,Albany,1,84,90515
123,4321,3330,36976,9727,3352,1800,3889,4302,1400,organic,2019,Syracuse,1,84,407259
124,2029,961,21565,23444,9557,1980,1956,3585,1590,organic,2019,Columbus,1,84,58771
125,1511,3676,33055,24191,16335,2145,1968,1856,957,conventional,2019,Pittsburgh,1,84,1715297
126,2435,3330,15460,19508,44605,3699,4895,2414,1785,conventional,2019,Nashville,1,84,1076645
127,4025,1894,36005,21448,15817,2287,4037,3862,1170,conventional,2019,Portland,1,84,11808
128,1317,3219,46548,47133,7344,1853,2889,3599,820,conventional,2019,Albany,1,84,26445
129,4443,4035,25894,18954,7087,2223,3694,2567,984,organic,2019,Boise,1,84,385218
130,3120,1735,8055,12162,46908,3429,3277,1553,1562,organic,2019,Columbus,1,84,58771
131,7243,2379,44731,18358,19623,1816,4396,3317,745,organic,2019,Columbus,1,84,31701
132,2189,2458,36702,30764,10158,4750,1453,2619,1828,conventional,2019,Indianapolis,1,84,1564699
133,6862,873,10710,24362,34767,3078,2313,4288,1315,conventional,2019,Nashville,1,84,1076645
134,1900,1145,33134,26073,16231,1932,4367,4558,1419,organic,2019,Portland,1,84,5929
135,4393,871,36089,36015,4397,4768,4077,3757,1643,conventional,2019,Jacksonville,1,84,1156291
136,4949,2404,45863,19479,2019,2349,4281,4409,1150,conventional,2019,Sacramento,1,84,1854698
137,1864,767,15227,6079,10700,4244,3309,1551,1415,conventional,2019,Columbus,1,84,23123
138,2868,2446,47062,17245,40911,1188,4836,4441,1936,organic,2019,Syracuse,1,84,7068
139,3073,3729,33983,36510,13080,2809,3536,3585,1593,organic,2019,Columbus,1,84,6675
140,4396,2092,45259,25807,29307,2369,3766,1852,1089,conventional,2019,Jacksonville,1,84,108872
141,5645,648,4156,19934,23079,1580,4836,1081,1422,organic,2019,California,1,84,6364
142,1520,4723,25710,10142,44736,1519,2016,4981,1077,organic,2019,Louisville,1,84,21128
143,4220,3926,22070,22857,44903,2562,3800,2353,1657,conventional,2019,Spokane,1,84,403043
144,1306,2564,44065,30482,45253,2610,2351,3885,1233,conventional,2019,Boston,1,84,4637537
145,7285,3359,47246,42076,42152,4860,4512,1083,1276,organic,2019,Portland,1,84,12020
146,6677,2758,30596,46254,40458,2146,1120,4042,839,organic,2019,Atlanta,1,84,5228750
147,7816,2482,7713,40758,34536,1176,2563,1847,1857,organic,2019,Albany,1,84,597270
148,4496,787,10333,6276,7133,3496,3069,4215,1895,organic,2019,Portland,1,84,9391
149,5757,3154,11457,45176,40657,2070,4177,4768,1188,organic,2019,Houston,1,84,5446468
150,7362,3347,40934,10682,18156,2102,3943,2875,997,organic,2019,Portland,1,84,12020
151,2792,4119,3132,38668,6150,2323,2039,2078,1516,conventional,2019,Orlando,1,84,1776841
152,3361,477,47528,6313,29913,4180,1684,3535,1964,organic,2016,Southeast,1,84,18288
153,4535,1645,6081,20975,5867,4284,4900,1008,1662,organic,2017,Philadelphia,1,84,7545
154,7799,599,31766,33854,22572,4683,2090,4261,946,conventional,2018,Albany,1,84,597270
155,5448,2181,36925,37073,10456,1261,1099,4866,986,organic,2016,Jacksonville,1,84,21512
156,6171,270,11832,37385,41944,2036,4997,2111,635,organic,2017,Columbus,1,32,6675
157,2135,3351,10650,37536,24148,4015,3787,3712,1066,conventional,2015,Atlanta,1,32,5541
158,7285,1696,2756,37664,19027,4041,1951,3405,1178,conventional,2015,Portland,1,32,2052796
159,4225,2643,26297,44407,36984,1555,3843,3370,1116,organic,2017,Nashville,1,32,1076645
160,3036,3260,18385,45791,43505,2304,1780,1823,1043,conventional,2015,Philadelphia,1,32,7545
161,6981,3214,16441,28805,33634,1594,3759,2080,1435,conventional,2015,Southeast,1,32,18288
162,7469,4911,20261,39297,29456,1888,2053,3509,1033,organic,2015,Atlanta,1,32,5228750
163,6335,2758,33865,45417,46771,4741,3034,2899,1281,conventional,2018,Albany,1,32,90515
164,4287,1345,24338,17237,19148,4548,3580,2779,951,conventional,2016,Portland,1,32,12020
165,7351,686,49645,32129,26405,3717,1795,3404,927,organic,2017,Columbus,1,32,58771
166,6653,4379,37213,21919,9477,3320,1879,2138,1796,organic,2015,Syracuse,1,32,7068
167,2627,4278,39529,44819,33991,2113,3388,2749,1605,conventional,2016,Chicago,1,32,8675982
168,3290,3591,3937,35879,14056,2970,1621,3031,1567,conventional,2015,Chicago,1,32,8675982
169,7520,2805,48193,27917,4857,3773,1381,4748,1137,organic,2016,Boston,1,32,8068
170,6084,676,42238,46628,25182,2444,4861,2244,845,organic,2017,Albany,1,32,597270
171,5054,343,37767,30225,17980,3247,1144,3187,608,conventional,2015,Columbus,1,32,58771
172,5490,2787,19060,13111,39115,2266,4665,4323,1049,organic,2016,Atlanta,1,32,5541
173,2711,2231,23153,49135,21278,1110,3917,4027,694,conventional,2017,Jacksonville,1,32,28513
174,4411,1092,2434,16160,4085,3328,1839,4842,1786,conventional,2015,Chicago,1,32,8675982
175,3770,2900,10088,49685,27960,3904,1664,4163,1977,organic,2016,Louisville,1,32,9335
176,4996,3947,11832,20192,16124,1109,4447,3971,700,conventional,2015,Roanoke,1,32,216177
177,5964,997,16991,29873,44762,4874,3427,4852,1506,conventional,2017,Portland,1,32,11808
178,3974,3796,41946,35931,39569,3428,1645,2060,1421,organic,2017,Portland,1,32,12020
179,1205,3111,26406,10563,39081,4641,4009,1505,1616,conventional,2018,California,1,32,13440
180,6895,2532,3986,25137,5360,1691,1287,3597,974,organic,2016,Houston,1,32,5446468
181,4923,323,26879,16396,47297,2473,3985,2877,1909,organic,2017,California,1,32,13440
182,3885,1794,4458,36627,25769,2365,3026,1546,1128,conventional,2017,Jacksonville,1,32,28513
183,1291,3650,19187,14683,17557,3870,4392,4622,1494,conventional,2016,Boston,1,32,4637537
184,7545,2254,31439,24744,8659,4876,2965,2047,1979,conventional,2016,Boston,1,32,8068
185,7136,3770,31110,12976,3768,4683,4536,3621,1459,conventional,2016,Albany,1,32,20143
186,1360,1884,46286,21539,12639,2468,3064,4104,861,organic,2017,Portland,1,32,11808
187,3333,2945,34398,8998,31569,4834,4412,2043,845,conventional,2015,Columbus,1,32,58771
188,3034,3199,26717,6180,31046,1753,2659,4356,804,conventional,2016,Columbus,1,32,6675
189,2738,2560,46225,3729,23475,4076,3585,3960,1114,organic,2016,Albany,1,32,26445
190,4857,3588,11469,27329,27353,3891,3707,1381,616,organic,2016,Atlanta,1,32,5541
191,5513,1480,16866,30662,13982,4235,1492,3277,663,conventional,2015,Jacksonville,1,32,14429
192,1482,166,26772,21796,24831,2769,2034,2381,1932,conventional,2016,Tampa,1,32,2804240
193,6793,1849,7936,38594,8312,2121,2236,2559,852,organic,2017,Denver,1,32,2787266
194,1739,983,10860,42813,26534,3401,1506,3176,1734,organic,2018,Columbus,1,32,31701
195,3577,558,20153,19354,43407,3295,4771,4782,845,conventional,2016,Columbus,1,32,58771
196,6238,2060,40033,25674,17697,3206,4982,3985,1117,conventional,2015,Columbus,1,32,6675
197,6365,3821,43942,13158,42053,3491,4727,2827,1440,organic,2016,Pittsburgh,1,32,1715297
198,4420,1215,25100,11889,20081,4018,2591,3617,1714,organic,2015,Portland,1,32,12020
199,4751,2362,40086,11638,22349,2434,3139,4197,754,organic,2018,Denver,1,32,2787266
200,5600,4287,19458,33116,12961,3596,1712,3606,1562,conventional,2017,Syracuse,1,32,7068
201,7688,75,5436,22480,35269,4682,4927,2920,1497,conventional,2015,Boston,1,32,4637537
202,6604,1774,15387,45169,25039,2368,3686,2965,1872,conventional,2016,Portland,1,32,5929
203,6788,170,33683,39898,31612,3730,1781,4546,1754,organic,2017,Jacksonville,1,32,1156291
204,7683,4822,40255,29571,32713,3815,1845,3844,965,organic,2015,Albany,1,32,90515
205,2485,1843,40314,43970,10358,1589,1447,4036,1402,conventional,2015,Atlanta,1,32,5541
206,7011,1345,43658,9149,45617,3701,1415,1171,1979,conventional,2017,Sacramento,1,32,1854698
207,4984,149,40773,47867,40035,4364,3116,1717,1179,conventional,2015,Louisville,1,32,1011696
208,6111,1372,37166,23266,23383,4588,4383,2148,1166,conventional,2018,Jacksonville,1,32,28513
209,2614,3640,38000,9518,9758,4936,2258,1022,615,conventional,2016,Orlando,1,32,1776841
210,7170,3130,47833,41060,35709,4816,4237,4579,775,organic,2020,Philadelphia,1,32,5637884
211,5249,4497,34712,5889,42467,3556,1974,1324,852,conventional,2020,Portland,1,32,17287
212,5508,3239,35282,40115,47358,4616,1186,1582,955,organic,2020,Chicago,1,32,8675982
213,6058,3533,21199,32340,38845,1342,4534,1569,1292,conventional,2020,Jacksonville,1,32,108872
214,1898,546,35951,35449,45663,4794,4643,3842,1643,organic,2020,Orlando,1,32,1776841
215,1943,4488,45592,35716,31703,2173,1285,4997,1785,organic,2020,Syracuse,1,32,7068
216,3031,2279,11085,49365,48542,3610,4781,2466,1361,conventional,2020,Indianapolis,1,32,1564699
217,1599,2997,46456,18046,15604,2116,1066,4914,822,organic,2020,Sacramento,1,32,1854698
218,5248,31,37736,4398,31304,3322,1656,2630,1850,conventional,2020,Syracuse,1,32,29507
219,3979,4511,14214,5230,45053,2655,2528,3024,1155,conventional,2020,Jacksonville,1,32,108872
220,1376,2802,15833,45688,41213,3794,1235,3384,1060,conventional,2020,Columbus,1,32,31701
221,4172,3092,45410,48880,18964,4966,3983,4800,691,organic,2020,Boise,1,32,385218
222,5292,2478,33999,33845,42273,1393,1050,3222,1508,conventional,2020,Southeast,1,32,18288
223,1698,2955,25868,43863,24836,1661,2338,4742,1469,organic,2020,Spokane,1,32,403043
224,1140,978,9472,49850,13383,3315,4991,4828,1620,organic,2020,Portland,1,32,206023
225,1446,4222,17720,41464,36582,4474,4513,1935,1687,conventional,2020,Columbus,1,32,31701
226,5844,2919,23126,13160,30772,3858,3402,2309,683,organic,2020,Columbus,1,32,6675
227,7071,673,22836,7925,49010,1806,1735,1069,1697,conventional,2020,Pittsburgh,1,32,1715297
228,3109,2408,46703,15479,10330,2477,3614,3382,766,conventional,2020,Jacksonville,1,32,21512
229,3081,707,24525,43279,43015,4453,4688,1051,1772,conventional,2020,Columbus,1,32,31701
230,7961,3207,23255,36925,10182,3417,4761,2832,1634,conventional,2020,Houston,1,32,5446468
231,7635,3733,14826,33802,9062,3409,4552,4524,1407,conventional,2020,Portland,1,32,5929
232,3855,4930,30886,46208,9985,1556,2330,1387,1700,conventional,2020,Syracuse,1,32,29507
233,5745,2348,47092,23794,8480,1410,2566,3325,1879,organic,2020,Albany,1,32,597270
234,6914,1285,5496,17398,4350,2258,3825,2550,1124,conventional,2020,Charlotte,1,32,12657
235,7477,488,24951,15739,12508,3144,1645,4066,1135,organic,2020,Spokane,1,32,403043
236,4337,2474,12006,33435,46793,3780,1540,2094,1099,conventional,2020,Charlotte,1,32,12657
237,2270,4104,21886,40534,9586,1770,2152,3537,1612,conventional,2020,Tampa,1,32,2804240
238,7941,374,27610,22085,21875,1423,4171,2222,619,organic,2020,Charlotte,1,32,1467362
239,1727,3069,45518,38115,47484,2440,2689,1537,1643,conventional,2020,Roanoke,1,32,8135
240,4289,4267,44336,37517,32995,4264,2142,1344,956,conventional,2020,Chicago,1,32,8675982
241,4651,2521,48718,33152,49969,2784,2499,4543,855,organic,2020,Orlando,1,32,1776841
242,6136,3325,24069,6139,23586,4661,4963,4206,1325,organic,2020,Philadelphia,1,32,7545
243,3823,4269,24284,8576,3887,3592,2753,2869,1629,conventional,2020,Atlanta,1,32,5541
244,4923,2115,45640,32393,9126,2290,4577,2157,994,conventional,2020,Columbus,1,32,259160
245,7485,1236,21839,40587,39359,2365,2148,1438,827,organic,2020,Charlotte,1,32,12657
246,1971,3225,19161,32186,11045,2157,4337,4589,1770,conventional,2020,Philadelphia,1,32,5637884
247,5624,4637,47112,37198,32356,3696,1873,1061,763,organic,2020,Indianapolis,1,32,1564699
248,1723,1869,38203,16823,44359,2694,3392,3072,1839,conventional,2020,Southeast,1,32,18288
249,5568,2481,47704,38401,42200,1066,2814,4439,1354,organic,2020,Columbus,1,32,259160
250,7667,4838,37145,49613,4788,3963,3630,1812,837,organic,2020,Indianapolis,1,32,1564699
251,3489,1863,5057,49595,2193,1939,2176,3786,851,conventional,2020,Sacramento,1,32,1854698
252,3892,3449,39151,10376,2075,1185,3608,3807,1883,organic,2020,Portland,1,32,5929
253,7914,315,39380,35501,29149,3653,4742,3821,1755,organic,2020,Portland,1,32,17287
254,1445,650,18650,37281,5554,2957,3717,4029,605,organic,2020,Louisville,1,32,21128
255,6752,1938,28733,37710,44197,4719,1790,3676,1138,organic,2020,Jacksonville,2,32,21512
256,1271,2234,42950,26176,46259,3503,4195,2506,692,conventional,2020,Philadelphia,2,32,5637884
257,6832,2868,47457,12885,49275,4520,3122,1304,1179,conventional,2020,Columbus,2,32,31701
258,4175,4420,27027,48036,14768,3076,2195,1352,1327,conventional,2020,Portland,2,32,206023
259,4765,4266,2645,38937,7645,2876,4262,2767,833,organic,2020,Atlanta,2,32,5228750
260,5254,4527,9532,48469,42221,3541,4444,2089,1080,conventional,2020,Portland,2,32,9391
261,2526,1921,13636,21196,46036,3772,2984,1277,1980,organic,2020,Nashville,2,32,1076645
262,2614,3940,10056,15630,42902,1062,1908,4227,835,organic,2020,Louisville,2,32,1011696
263,5155,4594,25687,32096,32484,3755,2839,4860,1379,conventional,2020,Albany,2,32,26445
264,5040,122,45506,34398,21027,1963,1808,2911,1469,organic,2020,Portland,2,32,2052796
265,3416,1996,9259,5575,46132,3059,4869,3986,743,conventional,2020,Portland,2,32,11808
266,5501,4451,49261,15379,11708,1217,3663,4230,1634,organic,2020,Portland,2,32,5070
267,7738,4055,24444,49965,36478,2789,3311,4809,920,organic,2020,Atlanta,2,32,5228750
268,3584,2243,39518,28670,27679,2753,3170,4350,1511,conventional,2020,Atlanta,2,32,5228750
269,4564,2032,39648,13587,48456,1226,1922,4230,1670,organic,2020,Boise,2,32,385218
270,5670,1997,47219,10582,40544,3091,3522,4066,1441,conventional,2020,Philadelphia,2,32,5637884
271,7099,4185,6990,36334,33581,3690,4977,3749,1654,conventional,2020,Orlando,2,32,1776841
272,1437,4327,22089,10159,38704,3793,3429,2297,1958,organic,2020,Detroit,2,32,3522206
273,4449,4228,14689,34453,37930,1218,2163,2895,1192,organic,2020,Atlanta,2,32,5541
274,6265,3231,45764,27220,16909,1621,4985,4392,1098,conventional,2020,Louisville,2,32,21128
275,5117,506,40779,30875,6676,3792,2630,4441,1787,conventional,2020,California,2,32,13440
276,3633,3201,20207,42724,26081,2395,2421,2578,1490,organic,2020,Albany,2,32,60795
277,5159,2018,41902,29149,46541,3446,2753,2290,903,organic,2020,Albany,2,32,26445
278,3949,1615,41142,23902,33988,3960,1298,4405,1770,organic,2020,Portland,2,32,17287
279,7533,1945,43897,43660,29369,2489,2595,2995,906,organic,2020,Portland,2,32,206023
280,2903,4039,42323,46974,48741,4451,2287,3185,780,conventional,2020,California,2,32,13440
281,6675,2464,8241,6287,16795,2262,4638,4700,1775,conventional,2020,Columbus,2,32,1528314
282,7963,3531,16765,17668,44708,2281,4916,2535,1201,organic,2020,Atlanta,2,32,5541
283,4078,4627,27244,23394,19335,3994,1133,3028,954,organic,2020,Atlanta,2,32,5541
284,6975,817,10776,33783,24236,3323,1354,4215,712,organic,2020,Albany,2,32,60795
285,6291,4314,31167,34436,47688,4004,2429,4025,1072,organic,2020,Portland,2,32,12020
286,6287,3689,5475,9990,11805,2464,4162,1549,1477,conventional,2020,Philadelphia,2,32,7545
287,4628,384,12008,26486,42732,4726,2818,2848,1986,conventional,2020,Detroit,2,32,3522206
288,6146,1291,4245,16461,40340,2594,2255,4689,1538,organic,2020,Nashville,2,32,5487
289,4275,1884,15902,36122,20039,2495,3090,1613,1981,organic,2020,Philadelphia,2,32,7545
290,6977,3854,8716,30720,48969,4345,2187,3886,859,organic,2020,Portland,2,32,5929
291,2580,2587,34993,32532,40127,4301,1798,4384,1941,conventional,2020,Denver,2,32,2787266
292,5786,702,18025,4441,9451,3999,2126,1790,1571,organic,2020,Columbus,2,32,31701
293,7899,507,7559,26137,25171,2758,3306,1620,1429,organic,2020,Louisville,2,32,1011696
294,6000,2280,19480,23120,5133,2566,2235,3936,997,organic,2020,Boston,2,32,4637537
295,6790,240,21187,18709,2014,1944,4625,2467,1269,organic,2020,Albany,2,32,60795
296,4882,338,15476,17438,8735,3739,2613,3215,1823,conventional,2020,Denver,2,32,2787266
297,4608,2518,25598,42027,20320,1283,2058,2437,1341,conventional,2020,Nashville,2,32,1076645
298,1467,3441,17847,8256,26994,1455,3023,2647,822,organic,2020,Philadelphia,2,32,5637884
299,4189,3125,43522,42565,49678,4893,4616,1091,955,organic,2020,Detroit,2,32,3522206
300,3895,3360,16832,18652,35520,4253,2986,3413,1071,conventional,2020,Boston,2,32,4637537
301,5436,4660,6294,42771,33674,4928,1783,4398,1178,conventional,2020,Sacramento,2,32,1854698
302,2114,906,32528,49847,10738,3142,1861,3508,1054,conventional,2020,Portland,2,32,5070
303,1837,562,31718,3826,4030,4787,2910,1482,1251,organic,2020,Boston,2,32,4637537
304,6036,480,41932,20449,41694,3677,4653,3159,1907,conventional,2020,Portland,2,32,9391
305,5111,4238,43754,12490,13286,3898,4937,3247,1785,organic,2020,Portland,2,32,5070
306,3918,3377,11144,31503,31797,2860,1034,4693,649,conventional,2020,California,2,32,6364
307,6658,4687,38585,7310,4651,3645,3458,3289,1838,conventional,2020,Jacksonville,2,32,21512
308,1310,2179,3484,19545,18723,1524,4746,4870,1745,organic,2020,Louisville,2,32,1011696
309,5773,4793,24882,5340,26607,1851,3476,1690,1912,conventional,2020,Boston,2,32,8068
310,4513,179,12368,22562,36699,4394,3214,1799,603,conventional,2020,Detroit,2,32,3522206
311,2192,1603,38573,21550,38365,2022,4098,3571,1850,organic,2020,Charlotte,2,32,12657
312,4453,4165,11490,6449,11076,2882,1403,2120,826,organic,2020,Portland,2,32,5070
313,4076,2489,27406,30196,23319,3433,3277,4844,1264,conventional,2020,Syracuse,2,32,407259
314,5592,339,15193,13622,32570,4397,3058,3016,828,organic,2020,Albany,2,32,26445
315,1681,1436,23941,22262,23186,3263,4773,4423,1237,organic,2020,Columbus,2,32,6675
316,1868,1960,42956,24084,31310,1833,3834,1930,1458,conventional,2020,Syracuse,2,32,407259
317,3147,1404,48149,28811,7930,3223,2656,1871,1017,conventional,2020,Pittsburgh,2,32,1715297
318,6203,426,39654,36915,45724,3906,1386,1539,677,conventional,2020,Syracuse,2,32,7068
319,6875,1831,29477,2965,13371,2784,4890,4610,1299,organic,2020,Columbus,2,32,6675
320,2092,4920,46715,16948,21797,2687,2108,3525,1319,organic,2020,California,2,32,6364
321,3436,1113,49285,24907,43435,1761,4510,3277,1098,conventional,2020,California,2,32,6364
322,5644,591,46776,40186,29998,1109,3368,4724,915,organic,2020,Jacksonville,2,32,28513
323,1482,3411,23518,21835,40947,3959,4665,3754,1007,organic,2018,Houston,2,32,5446468
324,6933,785,40336,33285,34167,2662,2467,2682,1344,organic,2015,Columbus,2,32,31701
325,1432,1756,16069,18540,28527,1762,3171,2912,1299,conventional,2017,Columbus,2,32,58771
326,3413,3588,44308,36227,23504,3751,4072,4126,1583,organic,2016,Columbus,2,32,23123
327,1905,1677,3416,32164,37360,2431,4824,4300,1242,conventional,2016,Columbus,2,32,31701
328,1801,1026,2175,7056,48614,1867,4085,3752,1816,organic,2015,Syracuse,2,32,29507
329,7058,2658,49020,22955,23947,3792,1949,2243,1043,conventional,2016,Albany,2,32,26445
330,4412,2209,16021,45648,43384,4862,1188,2096,974,inorganic,2017,Atlanta,2,32,5228750
331,5030,1599,19050,23189,41715,3402,4833,4878,1894,inorganic,2016,Philadelphia,2,32,5637884
332,2072,3264,34218,33349,19469,4627,4900,2485,1130,inorganic,2016,Indianapolis,2,32,1564699
333,5830,2094,2518,22868,48838,1457,3571,4781,654,inorganic,2016,Portland,2,32,5929
334,5533,1520,27543,30212,24879,4400,4861,2744,1671,inorganic,2017,Southeast,2,32,18288
335,7281,3533,22293,34374,44146,1490,1601,3098,924,inorganic,2016,Albany,2,32,26445
336,6548,2867,3386,21014,7870,4331,4611,1829,755,inorganic,2015,Portland,2,32,11808
337,3001,2403,15722,6880,3997,2822,3403,1602,1753,inorganic,2015,Indianapolis,2,32,1564699
338,4521,2893,7277,19091,21604,3885,3510,4016,1046,inorganic,2016,Detroit,2,32,3522206
339,4908,206,26041,31924,2862,1950,2208,1677,1453,inorganic,2017,Southeast,2,32,18288
340,6048,2011,4818,37637,35821,3293,2141,4071,1336,inorganic,2016,Spokane,2,32,403043
341,4914,805,21068,42740,48573,1680,2518,2833,1190,inorganic,2018,Portland,2,32,206023
342,2972,2022,13815,24633,15302,4927,4779,2755,1389,inorganic,2016,Jacksonville,2,32,14429
343,1415,3671,4164,46919,7829,4781,4004,3279,1692,inorganic,2015,Portland,2,32,2052796
344,4772,2816,29245,37979,48066,2764,4254,2024,1527,inorganic,2017,Boston,2,32,8068
345,1392,3135,9106,7516,2417,1140,2177,2419,1057,inorganic,2017,Columbus,2,32,58771
346,4627,2689,37279,35906,48885,2642,4867,4216,1179,inorganic,2016,Portland,2,32,11808
347,6401,2535,21283,29449,26028,2503,4845,3432,1923,inorganic,2015,Pittsburgh,2,32,1715297
348,3929,2554,46003,16526,11938,3339,2276,3094,1431,inorganic,2018,Syracuse,2,32,29507
349,3995,1037,25482,6499,48337,4735,1094,2826,1291,inorganic,2018,Jacksonville,2,32,28513
350,2050,3309,8653,43246,41734,2963,1699,3618,1950,inorganic,2018,Columbus,2,32,58771
351,2564,2695,20328,45174,5060,2410,4583,2351,1258,inorganic,2015,Portland,2,32,5070
352,7280,802,11713,3608,47912,2323,2302,1889,1868,inorganic,2017,Louisville,2,32,21128
353,7610,4438,30600,7227,38287,3500,4969,3579,1015,inorganic,2015,Syracuse,2,32,407259
354,1515,3527,31314,27708,23415,2746,1043,2410,1503,inorganic,2015,Portland,2,32,5070
355,7117,2268,19083,44177,41619,2980,2387,1402,1595,inorganic,2017,Boston,2,32,4637537
356,2445,604,35250,33394,41602,2965,3987,3442,1305,inorganic,2016,Philadelphia,2,32,7545
357,1461,3186,29803,20391,31253,1764,2743,1260,1885,inorganic,2016,California,2,32,13440
358,2108,1071,40413,23132,6592,3196,3116,2956,1235,inorganic,2017,Jacksonville,2,32,108872
359,6236,1718,2268,44582,48375,3158,1367,1292,880,inorganic,2017,Columbus,2,32,23123
360,1429,1860,20236,40461,45534,4875,3756,4663,1247,inorganic,2016,Sacramento,2,32,1854698
361,1928,2352,12167,21722,17741,2521,2426,3840,1608,inorganic,2017,Albany,2,32,26445
362,4767,287,4412,7400,41724,1330,4260,3338,624,inorganic,2017,Jacksonville,2,32,12612
363,1385,373,35951,15502,14207,3309,3870,2453,968,inorganic,2016,Sacramento,2,70,1854698
364,4399,1882,47764,45313,4743,1058,1388,4671,1120,inorganic,2017,Portland,2,70,5070
365,3925,1782,17211,3627,45924,1016,3089,1549,1732,inorganic,2016,Jacksonville,2,70,1156291
366,6607,595,36121,15277,20231,4970,3298,4060,1812,inorganic,2017,Jacksonville,2,70,108872
367,4222,2464,36250,18427,6701,1257,1732,2431,962,inorganic,2015,Portland,2,70,12020
368,7356,3883,4425,37501,47947,4065,4025,2139,847,inorganic,2016,Indianapolis,2,70,1564699
369,1592,2215,5093,5284,48439,1787,1132,2949,1278,inorganic,2016,Albany,2,70,20143
370,3763,2880,45300,26156,38084,1557,3700,4613,1172,inorganic,2018,Portland,2,70,11808
371,7161,2832,44696,43260,2935,1864,1001,3482,1156,inorganic,2015,California,2,70,6364
372,4675,2223,2884,14767,29789,1125,2670,1992,1190,inorganic,2015,Indianapolis,2,70,1564699
373,2845,4377,2202,44137,38310,4967,2288,2618,1262,inorganic,2016,Columbus,2,70,6675
374,6004,283,24797,21328,3567,1219,4937,1890,623,inorganic,2017,Jacksonville,2,70,12612
375,5290,2423,21551,8342,10682,3997,4673,3791,1177,inorganic,2016,Portland,2,70,11808
376,1519,1056,36415,8579,34895,1904,1497,2398,791,inorganic,2016,Sacramento,2,70,1854698
377,7749,789,23917,9363,5064,3863,2168,3626,935,inorganic,2016,Roanoke,2,70,216177
378,6679,2780,8535,46814,14146,2437,4157,4291,1199,inorganic,2018,Albany,2,70,20143
379,4104,4550,3749,39729,11912,4368,2710,3515,1545,inorganic,2017,Boston,2,70,4637537
380,4973,863,4326,41830,18013,3478,2631,4900,639,inorganic,2017,Boise,2,70,385218
381,3225,1929,9787,26056,31869,3064,3309,3758,1847,inorganic,2017,California,2,70,6364
382,3010,3833,46004,36474,2508,2636,1596,4064,1351,inorganic,2015,Portland,2,70,9391
383,1893,4244,33306,33649,47728,3109,4031,2280,952,inorganic,2017,Jacksonville,2,70,1156291
384,1769,2733,46139,40900,33507,4104,4024,3549,1549,inorganic,2018,Sacramento,2,70,1854698
385,4942,1132,43717,31711,37395,4018,3794,1412,1138,inorganic,2017,Boston,2,70,4637537
386,6906,1209,23193,32034,29999,2910,4856,2757,1986,inorganic,2016,Atlanta,2,70,5228750
387,1538,800,44433,33880,9086,2677,1616,4680,1604,inorganic,2018,Louisville,2,70,9335
388,5404,4726,24923,5358,26533,2712,4257,3414,1696,inorganic,2016,Sacramento,2,70,1854698
389,5118,1600,14944,24770,32952,2490,4669,4604,782,inorganic,2017,Boise,2,70,385218
390,1896,2444,37252,32788,44175,2368,3057,4339,1840,inorganic,2017,Portland,2,70,9391
391,3076,2298,6388,9289,34765,2551,4120,2296,965,inorganic,2017,Boise,2,70,385218
392,5911,3940,38731,22611,21330,4810,4354,2379,1634,inorganic,2016,Albany,2,70,597270
393,5782,3161,19402,19915,47267,2873,1585,2998,1833,inorganic,2017,Charlotte,2,70,1467362
394,2793,4110,12230,39742,22615,2080,3540,3131,1057,inorganic,2015,Jacksonville,2,70,12612
395,2443,4426,24242,13155,33160,1941,4149,2005,1153,inorganic,2017,Nashville,2,70,5487
396,5748,3962,4950,22646,27188,1968,3963,1556,953,inorganic,2015,Columbus,2,70,31701
397,4865,132,47929,22439,43464,2928,2160,2705,1388,inorganic,2018,Indianapolis,2,70,1564699
398,1682,4739,29965,47027,16401,3577,1395,1464,1123,inorganic,2017,Pittsburgh,2,70,1715297
399,7177,1433,36678,22253,25432,4708,4437,1305,835,inorganic,2017,Columbus,2,70,1528314
400,5587,575,42852,34009,12101,2502,2858,2990,1367,inorganic,2017,Atlanta,2,70,5541
401,4838,2310,41276,37560,19386,3794,2225,3642,1204,inorganic,2017,Philadelphia,2,70,7545
402,3121,857,13546,6300,18995,3185,2972,4402,1371,inorganic,2017,Jacksonville,2,70,14429
403,5450,2961,12460,47373,5006,3357,1232,3814,1120,inorganic,2017,Jacksonville,2,70,21512
404,7534,2939,5990,44426,32841,3843,3065,2564,1190,inorganic,2015,Columbus,2,70,23123
405,3766,975,37343,20309,4039,3345,1925,1865,1252,inorganic,2015,Columbus,2,70,6675
406,2956,409,18209,14381,11700,3044,4317,1012,1798,inorganic,2016,Boise,2,70,385218
407,2167,1810,23720,29180,13268,1475,4068,4469,1296,inorganic,2017,Houston,2,70,5446468
408,7439,4174,2206,13596,37408,1076,3172,3672,1769,inorganic,2015,Portland,2,70,5070
409,1971,3905,46024,2007,2901,4996,2813,2551,1548,inorganic,2016,Jacksonville,2,70,1156291
410,7877,4913,23087,48673,30126,4874,4294,3485,968,inorganic,2016,California,2,70,13440
411,4665,2660,11673,34373,28306,4153,2458,1860,1957,inorganic,2017,Columbus,2,70,23123
412,4611,2201,12458,20028,26130,4109,3036,1932,872,inorganic,2017,Detroit,2,70,3522206
413,7525,1481,46421,9892,33511,2251,1154,4634,699,inorganic,2015,Portland,2,70,9391
414,4924,4815,17338,44117,29580,3765,4992,1176,1556,inorganic,2015,Louisville,2,70,9335
415,5015,2141,18944,31567,13289,2669,1250,4778,1411,inorganic,2016,Portland,2,70,17287
416,6816,1865,22082,13892,16114,4346,1457,3747,1775,inorganic,2017,Louisville,2,70,9335
417,6562,215,43241,22856,18023,1132,4157,1966,1061,inorganic,2017,Portland,2,70,9391
418,6751,4037,25812,27316,13757,3868,4143,3955,1283,inorganic,2015,Louisville,2,70,21128
419,3441,2714,10791,46551,28198,1951,1963,1209,669,inorganic,2015,Louisville,3,70,21128
420,6715,508,39347,17452,46553,2320,3217,1873,1011,inorganic,2016,Portland,3,70,9391
421,3383,2924,47567,33060,46117,1945,3550,2001,605,inorganic,2016,Philadelphia,3,70,7545
422,2777,990,46389,38529,39946,1089,2780,2639,1392,inorganic,2016,Denver,3,70,2787266
423,1747,776,3705,16527,9846,1824,3524,1597,1628,inorganic,2018,Charlotte,3,70,1467362
424,5183,3283,16275,43989,34821,1773,2765,4950,1560,inorganic,2017,Jacksonville,3,70,12612
425,6906,1566,27071,49199,24420,4292,2416,3122,955,inorganic,2016,Syracuse,3,70,29507
426,6418,4373,42176,46049,8650,3706,2157,4195,1975,inorganic,2016,Columbus,3,70,6675
427,5242,4556,24534,21216,16573,2746,3274,2723,1179,inorganic,2017,Houston,3,60,5446468
428,7283,1212,12582,3467,9492,4092,1749,2763,1088,inorganic,2015,Albany,3,60,597270
429,2086,1948,12010,12380,3257,1702,2516,3283,992,inorganic,2015,Philadelphia,3,60,5637884
430,3827,1234,3656,30166,45291,1659,3307,3958,1350,inorganic,2017,Houston,3,60,5446468
431,7310,2246,48878,14489,29581,3471,4845,2863,692,inorganic,2016,Houston,3,60,5446468
432,5172,4096,12333,44629,23617,2264,3251,1939,1873,inorganic,2016,Portland,3,60,5070
433,4070,4810,20161,41357,18953,2491,1563,3216,708,inorganic,2017,Portland,3,60,2052796
434,3876,1537,23582,42424,21106,3128,4211,1637,905,inorganic,2015,Orlando,3,60,1776841
435,5479,605,11099,37995,13757,3042,1177,2058,1050,inorganic,2017,Boston,3,60,4637537
436,6166,2788,46716,9198,8754,1802,4508,1863,1391,inorganic,2016,Albany,3,60,20143
437,4652,3177,49153,37105,10421,3697,1931,1985,1865,inorganic,2016,Chicago,3,60,8675982
438,2934,4448,29737,19459,38757,2292,1001,3386,1220,inorganic,2017,Columbus,3,60,259160
439,1316,2633,30442,27332,28708,4994,2202,4751,988,inorganic,2017,Louisville,3,60,1011696
440,3540,3691,36448,24065,21536,2850,1139,1174,1324,inorganic,2016,Albany,3,60,60795
441,2195,1604,32010,46300,11728,4080,4642,3419,1162,inorganic,2017,Portland,3,60,17287
442,1629,564,41806,3799,48041,4124,1727,4776,1000,inorganic,2015,Albany,3,60,597270
443,7033,72,42325,31767,34034,4129,4507,2124,1118,inorganic,2017,Denver,3,60,2787266
444,2965,4099,10061,2230,47011,4134,1064,3258,1943,inorganic,2017,Philadelphia,3,60,5637884
445,2805,1755,24829,29817,40640,4961,1457,3043,1074,conventional,2017,Boston,3,60,4637537
446,7238,3432,23788,24843,33592,4676,1244,1562,1798,organic,2016,Atlanta,3,60,5541
447,7941,129,15898,14337,29597,2960,3768,3153,742,conventional,2016,Philadelphia,3,60,5637884
448,5367,435,48828,32943,45709,1291,3476,2632,1515,organic,2017,Albany,3,60,597270
449,3256,4991,19785,21115,16801,3594,2512,1488,632,organic,2016,Atlanta,3,60,5228750
450,5430,4875,3476,28113,24167,1722,2777,1301,1003,conventional,2017,Orlando,3,60,1776841
451,5040,469,43629,47451,4875,1613,3593,4537,1753,organic,2015,Southeast,3,60,18288
452,6490,3429,21431,4895,33806,4757,2917,3503,1927,organic,2015,Seattle,3,60,3643765
453,2176,755,17840,6083,8873,2087,4806,1370,1207,conventional,2016,Louisville,3,60,1011696
454,7203,2310,9533,8536,35429,2299,3210,4988,1160,conventional,2017,Nashville,3,60,1076645
455,7043,456,39957,46550,44910,3427,3483,2046,661,organic,2016,Syracuse,3,60,29507
456,4086,3117,35053,17538,46727,4382,2650,3307,632,organic,2017,Jacksonville,3,60,108872
457,6177,3677,16040,43420,17563,3411,2091,4427,1658,organic,2016,Portland,3,60,9391
458,5185,305,8688,13768,29940,4854,4845,2292,1245,conventional,2016,Seattle,3,60,3643765
459,4255,3527,18224,49591,15674,1914,3958,4444,1043,organic,2017,Charlotte,3,60,1467362
460,3403,1754,39869,13010,47072,1470,3489,1233,813,organic,2017,Philadelphia,3,60,7545
461,5900,84,43690,34597,22906,4424,1152,2850,1130,non-conventional,2017,Albany,3,60,597270
462,2187,1186,30469,6422,37133,4382,1450,1686,885,non-conventional,2016,Columbus,3,60,259160
463,1893,2114,10473,27065,16561,2408,2845,2688,693,non-conventional,2017,Denver,3,60,2787266
464,7568,3100,24087,35437,15831,3568,3456,3627,1138,non-conventional,2016,Portland,3,60,2052796
465,5724,2883,9906,36554,38618,3698,1397,1854,1970,non-conventional,2017,Columbus,3,60,259160
466,7336,740,8116,21314,9669,2932,1990,4584,1866,non-conventional,2015,Portland,3,60,5070
467,2572,1274,3030,26302,36523,3585,1918,1852,1290,non-conventional,2015,Columbus,3,60,1528314
468,2987,4646,40648,27827,28245,1716,4023,3616,1607,non-conventional,2016,Jacksonville,4,60,28513
469,7795,4210,13956,19389,30702,4259,1262,3321,1009,non-conventional,2016,Jacksonville,4,60,12612
470,5028,2115,15316,45091,29354,2454,2413,3528,1393,non-conventional,2015,Roanoke,4,60,8135
471,1205,3552,39024,28014,14277,2002,3136,3896,1010,non-conventional,2015,Boston,4,60,4637537
472,4298,255,30994,44820,48490,3577,1906,1607,842,non-conventional,2015,Spokane,4,60,403043
473,4842,61,36401,48683,5575,2247,1409,2265,1453,non-conventional,2018,Portland,4,60,9391
474,7005,3390,26759,40085,48168,4156,3792,3067,1619,non-conventional,2016,Syracuse,4,60,7068
475,7599,2816,26764,48046,12375,2582,2429,4310,703,non-conventional,2016,Albany,4,60,26445
476,4099,2880,25322,23955,41238,2264,4107,3896,1141,non-conventional,2015,Portland,4,60,17287
477,4614,3041,28792,20379,3334,2518,1714,4340,1296,non-conventional,2017,Jacksonville,4,60,12612
478,5541,4932,2605,45773,28116,3310,2877,1476,991,non-conventional,2017,Louisville,4,60,21128
479,5523,1716,43456,28359,7961,2977,2290,2519,873,non-conventional,2017,Portland,4,60,5070
480,4548,243,8536,29823,35633,3644,2831,1752,663,non-conventional,2016,Portland,4,60,9391
481,6308,1998,36231,28371,27781,1916,3972,2443,1690,non-conventional,2017,Roanoke,4,60,8135
482,1604,1324,7100,35254,9473,3805,4008,2686,1073,non-conventional,2015,Indianapolis,4,60,1564699
483,1164,259,12116,43150,49484,4289,2154,4498,1157,non-conventional,2015,Albany,4,60,90515
484,7183,2995,35287,21989,3778,1121,3925,2549,1552,non-conventional,2015,Portland,4,60,5929
485,7468,3405,38636,7847,5728,4002,1532,1672,855,non-conventional,2016,Portland,4,60,5929
486,2384,2691,12336,32321,46374,4511,2382,4620,714,non-conventional,2017,Portland,4,60,206023
487,1418,2843,25958,9732,21001,3365,1482,1566,787,non-conventional,2016,Charlotte,4,60,1467362
488,3355,363,18014,20907,35407,2305,3232,2543,1190,non-conventional,2017,Nashville,4,60,1076645
489,2533,2443,21339,23830,29104,3333,1432,4958,1558,non-conventional,2015,Detroit,4,60,3522206
490,4749,95,31384,34637,16432,4906,3887,3817,1788,non-conventional,2016,Charlotte,4,60,12657
491,7217,4506,34904,12535,22236,3830,3971,3249,1262,non-conventional,2016,California,4,60,13440
492,7118,3367,2122,13705,7295,2015,4293,1468,964,non-conventional,2018,Charlotte,4,60,1467362
493,6023,4402,40719,24836,37719,3302,4915,3007,1770,non-conventional,2016,Roanoke,4,60,216177
494,3973,3533,9735,24721,38455,3575,2691,4188,673,non-conventional,2017,Boise,4,60,385218
495,4050,2529,4760,39228,49647,2439,3733,1051,755,non-conventional,2016,Boston,4,60,4637537
496,4419,2894,42149,7587,48698,1929,4642,3926,1327,non-conventional,2017,Louisville,4,60,9335
497,5096,4172,38813,7188,43497,4301,1156,1662,1816,non-conventional,2015,Charlotte,4,60,1467362
498,3823,2682,7867,30135,38786,4257,1281,2189,1372,non-conventional,2016,Charlotte,4,60,1467362
499,6013,42,39836,43100,16122,2216,2020,3675,1472,non-conventional,2017,Indianapolis,4,60,1564699
500,5521,1679,26448,8320,36733,3124,2484,4632,1762,non-conventional,2017,Pittsburgh,4,60,1715297
501,5246,4098,28243,46380,34134,3245,2921,4716,1933,non-conventional,2017,Columbus,4,60,1528314
502,2449,298,37185,49274,33554,4478,3152,1412,1999,non-conventional,2018,Portland,4,60,206023
503,3456,2772,37070,13975,6286,3036,4948,1054,1234,non-conventional,2017,Philadelphia,4,60,7545
504,4354,4239,35765,45696,42084,1530,4557,3694,1090,non-conventional,2017,Albany,4,60,60795
505,7020,763,27079,13923,40630,1153,4539,3058,875,non-conventional,2018,Albany,4,60,26445
506,4675,3542,35437,41293,7244,2523,4887,2872,2000,non-conventional,2017,Jacksonville,4,60,1156291
507,6191,4243,44363,35289,14205,2392,2227,4891,1749,non-conventional,2017,Portland,4,60,206023
508,2953,3779,41557,32439,25673,3721,4530,1038,1711,non-conventional,2016,Portland,4,60,5070
509,1937,1573,35184,8227,15349,2677,3772,4448,1424,non-conventional,2016,Tampa,4,60,2804240
510,1755,352,47406,19525,46713,4632,3590,4468,1031,non-conventional,2015,Portland,4,60,5929
511,4990,1039,29784,16491,42614,2381,3881,2351,918,non-conventional,2018,Sacramento,4,60,1854698
512,2723,3359,14728,2303,46703,2629,4096,4675,1999,non-conventional,2016,Pittsburgh,4,60,1715297
513,1247,2268,4657,5660,12283,3530,4335,1777,1243,non-conventional,2017,Albany,4,60,597270
514,1898,4456,12294,39415,18522,3815,4686,2388,1725,non-conventional,2016,Columbus,4,60,6675
515,1049,2968,16288,11487,34296,1669,2002,2577,966,non-conventional,2016,Pittsburgh,4,60,1715297
516,7324,1482,45345,44727,7674,3387,4722,2417,1007,non-conventional,2016,Albany,4,60,26445
517,2327,2069,38889,10584,10936,1629,2617,2763,651,non-conventional,2017,Syracuse,4,60,29507
518,6358,1876,11106,25543,12018,2346,2404,2140,1190,non-conventional,2015,Detroit,4,60,3522206
519,7710,1936,43645,31766,40662,2087,3413,1454,1070,non-conventional,2015,Charlotte,5,60,12657
520,4157,3198,28068,48590,11101,1264,2065,2203,1859,non-conventional,2018,Syracuse,5,60,407259
521,3056,1722,2843,13558,20397,2999,3226,4823,901,non-conventional,2015,Philadelphia,5,60,7545
522,6753,4169,37752,25458,37048,3401,1408,4840,1953,non-conventional,2017,Louisville,5,60,1011696
523,3339,2646,21030,14629,2930,3389,4395,3413,1635,non-conventional,2017,Atlanta,5,60,5228750
524,2507,1927,22833,20427,27071,3864,3372,4596,1581,non-conventional,2015,Southeast,5,60,18288
525,2701,4903,44689,13846,48834,3302,3725,4304,901,non-conventional,2017,Portland,5,60,12020
526,5315,4612,16110,28269,49025,3662,2475,1345,1173,non-conventional,2017,Jacksonville,5,60,108872
527,4246,1995,19037,14230,2171,3403,2330,2412,955,non-conventional,2015,Syracuse,5,60,7068
528,3704,2106,68420,1557.33,0,3396,3890,2648,1072,non-conventional,2018,Columbus,5,60,259160
529,5577,2525,55613,40523,39763,1278,1016,1782,1628,non-conventional,2016,Syracuse,5,60,7068
530,3421,2414,58959,47801,62272,3959,3280,1987,1877,non-conventional,2015,Louisville,5,60,1011696
531,4402,1474,68085,54528,44908,3601,2397,2098,1460,non-conventional,2016,Philadelphia,5,60,5637884
532,6702,4605,79287,50655,57509,1302,2087,4409,1682,non-conventional,2016,Syracuse,5,60,7068
533,2192,3784,44646,40107,71954,4204,2387,2252,602,non-conventional,2015,Nashville,5,60,1076645
534,7520,581,75999,74746,66665,4128,3504,3330,1915,non-conventional,2015,Louisville,5,60,1011696
535,2023,2346,58570,63536,32922,3756,3823,4741,1919,non-conventional,2015,Jacksonville,5,60,12612
536,4979,3681,30026,58924,43980,4021,3793,4007,1800,non-conventional,2015,Jacksonville,5,60,108872
537,3339,3421,64653,70074,54221,2067,1446,2130,1799,non-conventional,2017,Portland,5,60,11808
538,3212,3222,38498,74163,55157,3687,4749,1356,937,non-conventional,2018,Portland,5,60,2052796
539,4850,3278,74908,56270,72416,1702,4597,1053,1913,non-conventional,2016,Indianapolis,5,60,1564699
540,1657,1649,69440,64586,61400,3556,2874,4336,1499,non-conventional,2016,Sacramento,5,60,1854698
541,1657,4229,66887,73124,77903,4594,2746,2190,1711,non-conventional,2016,California,5,60,6364
542,2752,2856,62786,77542,35004,4177,2315,2867,1967,non-conventional,2016,Nashville,5,60,1076645
543,1796,1506,59975,79876,75780,2534,2865,4379,741,non-conventional,2016,Syracuse,5,60,407259
544,3869,3119,62377,47142,42788,1738,1546,1743,1118,non-conventional,2015,Southeast,5,60,18288
545,1218,836,55706,49042,73044,3968,4564,3266,930,non-conventional,2015,California,5,60,13440
546,4958,4432,77998,31085,33694,1492,2361,3364,1590,non-conventional,2017,Pittsburgh,5,60,1715297
547,4619,3666,37932,30687,64359,1997,2985,4447,1686,non-conventional,2016,Chicago,5,60,8675982
548,1475,2535,60051,53801,75680,3200,4074,4848,1799,non-conventional,2015,California,5,60,6364
549,6192,4537,62416,59844,36326,1017,4737,3341,771,non-conventional,2017,Nashville,5,60,5487
550,4593,3210,77315,37822,75382,3705,1794,4643,1744,non-conventional,2015,Portland,5,60,12020
551,5552,993,75132,63142,54783,3572,3468,3067,1078,non-conventional,2017,Jacksonville,5,60,28513
552,3664,4463,34024,44020,61990,1837,1934,1806,957,non-conventional,2016,Nashville,5,60,5487
553,7410,3740,71638,50596,35381,3864,1245,3266,1367,non-conventional,2016,Columbus,5,60,23123
554,2078,4986,57297,73111,76648,2110,3794,3327,1049,non-conventional,2016,Albany,5,60,60795
555,4547,1081,46206,74901,76280,3356,3362,4989,1684,non-conventional,2016,Syracuse,5,60,407259
556,3590,2283,54589,50968,60637,3343,4504,1483,1254,non-conventional,2017,California,5,60,6364
557,2090,2171,39395,73387,54263,4044,3540,1754,1620,non-conventional,2017,Jacksonville,5,60,28513
558,4999,1698,54749,49326,73722,3880,2447,3169,1995,non-conventional,2017,Jacksonville,5,60,108872
559,1277,1007,72636,69315,66399,1353,2586,1022,1227,non-conventional,2018,Columbus,5,60,259160
560,5103,4138,41947,34745,39488,4394,2961,4286,1998,non-conventional,2017,California,5,60,13440
561,3570,2529,35421,38821,37869,1941,4227,1866,1359,non-conventional,2016,Seattle,5,60,3643765
562,7788,3957,66215,49640,63793,2897,2884,1595,1920,non-conventional,2017,Chicago,5,60,8675982
563,3540,1249,33966,62916,39791,4117,3117,1379,1239,non-conventional,2017,Albany,5,60,20143
564,6205,4804,56760,69035,45060,2008,3701,3581,1978,non-conventional,2018,Tampa,5,60,2804240
565,5079,2344,50512,47353,55075,1094,3299,3980,1237,non-conventional,2016,Charlotte,5,60,12657
566,1597,4461,53032,66198,54709,2102,2433,1490,1000,non-conventional,2016,Denver,5,60,2787266
567,2441,2228,75796,30406,30483,3252,2532,4403,1491,non-conventional,2017,Pittsburgh,5,60,1715297
568,5152,4468,58113,79396,32066,3413,4380,4330,1965,non-conventional,2016,Seattle,5,60,3643765
569,7969,624,37521,46992,42428,4065,3668,4836,651,non-conventional,2017,Portland,5,60,206023
570,4341,3132,43718,50277,31267,2079,2415,3115,1056,non-conventional,2017,Jacksonville,5,60,14429
571,4199,4151,55967,73493,59088,2942,4700,1952,1378,non-conventional,2016,Albany,5,60,597270
572,6078,2084,45036,42269,38604,2546,3359,2054,1035,non-conventional,2015,Portland,5,60,17287
573,7225,1274,76871,56738,47707,1747,1712,3756,1679,non-conventional,2015,Boston,5,60,8068
574,2884,269,45259,40517,62033,1737,3425,1578,1513,non-conventional,2017,Portland,5,60,11808
575,3177,3097,49353,49041,72624,4301,4526,3243,1220,non-conventional,2017,Portland,5,60,5070
576,2763,3080,55683,62494,44455,4805,1860,1331,1446,non-conventional,2015,Denver,5,60,2787266
577,4712,3930,36690,77614,61983,2470,4321,2117,1846,non-conventional,2018,Boise,5,60,385218
578,6895,4897,38825,49165,76125,2105,2317,4471,1950,non-conventional,2016,Sacramento,5,60,1854698
579,6354,1390,68210,37894,45133,1592,2423,2123,835,non-conventional,2015,Jacksonville,5,60,28513
580,3470,1117,43603,64897,37298,3298,2033,2636,660,non-conventional,2015,Roanoke,5,60,8135
581,3010,3569,36227,61288,76039,4735,1576,1870,1278,non-conventional,2015,Jacksonville,5,60,108872
582,1197,2190,51240,79946,58823,1970,4141,2777,641,non-conventional,2016,Indianapolis,5,60,1564699
583,1732,593,63257,56850,40895,1277,4840,1216,1451,non-conventional,2017,Louisville,5,60,9335
584,3622,4745,57591,60456,60847,2471,3526,1490,1004,non-conventional,2016,Albany,5,60,597270
585,7069,3168,78270,36032,44926,1013,3614,3241,1697,non-conventional,2016,Atlanta,5,60,5541
586,4777,4621,46137,47713,32179,1286,2090,1000,1842,non-conventional,2018,Boston,5,60,8068
587,5177,4683,79975,32264,53118,2700,1223,1590,821,non-conventional,2016,Portland,5,60,11808
588,7602,2753,30780,44623,46146,4009,2898,3949,606,non-conventional,2017,Jacksonville,5,60,12612
589,6253,724,74004,45261,53528,1885,4700,1259,1407,non-conventional,2015,Nashville,5,60,1076645
590,4175,1778,64650,65654,71737,3029,1892,3762,1212,non-conventional,2016,Philadelphia,5,60,7545
591,7690,45,60026,39039,64702,1689,3250,4907,1189,non-conventional,2016,Jacksonville,5,60,21512
592,4660,3184,35262,78534,43312,4787,4308,1478,1671,non-conventional,2017,Columbus,5,60,1528314
593,2197,1606,35323,30345,67038,1183,1633,1866,1195,non-conventional,2017,Denver,5,60,2787266
594,3004,1305,40900,39380,42327,3336,3448,2725,1585,non-conventional,2017,Philadelphia,5,60,7545
595,7490,1686,71807,31434,71806,3114,2017,2557,940,non-conventional,2017,California,5,60,6364
596,6760,3213,45042,37520,49929,3998,3737,4070,1888,non-conventional,2016,Columbus,5,60,31701
597,2311,2919,46648,30288,41701,4447,3776,3574,1261,non-conventional,2018,Jacksonville,5,60,108872
598,6135,2599,72505,32760,33318,2627,1113,2612,780,non-conventional,2016,Orlando,5,60,1776841
599,4157,2901,66235,31815,50943,2668,1388,3388,785,non-conventional,2016,Nashville,5,36,1076645
600,2313,1732,66182,76652,66460,1130,4375,4944,667,non-conventional,2015,Louisville,5,36,21128
601,1062,874,78490,52527,51582,2271,2595,4153,1466,non-conventional,2016,Charlotte,5,36,12657
602,1402,2350,37553,32009,76756,2656,3167,2584,996,non-conventional,2017,Sacramento,5,36,1854698
603,4578,4542,76336,50698,71402,2770,1023,2801,849,non-conventional,2016,Columbus,5,36,259160
604,4601,327,42581,49370,63149,1055,3496,3158,973,non-conventional,2016,Portland,5,36,206023
605,7390,97,44924,77870,53593,4919,2903,4338,1344,non-conventional,2016,Charlotte,5,36,12657
606,7500,2937,66517,43639,68580,1615,2089,2088,1785,non-conventional,2015,Detroit,5,36,3522206
607,6126,4037,76829,77972,39398,3330,3149,3458,781,non-conventional,2016,Philadelphia,5,36,5637884
608,5340,1440,52339,68434,61531,3509,4234,1907,785,non-conventional,2015,Portland,5,36,12020
609,2411,4563,56755,70266,69944,4121,2929,3641,1970,non-conventional,2017,Albany,5,36,26445
610,5314,40,64637,66183,40980,2325,2312,4344,1605,non-conventional,2017,Louisville,5,36,1011696
611,7341,2314,30292,76195,33860,1957,3894,3149,906,non-conventional,2018,Spokane,5,36,403043
612,7014,4484,47063,31406,34246,1435,3790,1559,1824,non-conventional,2017,Roanoke,5,36,8135
613,7031,2220,40492,77290,41079,3510,4298,2404,733,non-conventional,2015,Columbus,5,36,1528314
614,5334,2860,78274,32640,71013,3641,3224,2123,1150,non-conventional,2017,Syracuse,5,36,7068
615,6505,1238,45484,69787,58978,2609,2662,2090,1722,non-conventional,2018,Indianapolis,5,36,1564699
616,1462,3455,78488,64024,41603,4237,2144,4367,635,non-conventional,2016,Albany,5,36,90515
617,4863,1071,73734,43645,59363,1138,3894,2102,1161,non-conventional,2017,Albany,5,36,597270
618,1399,135,41816,57204,36260,3577,1818,4917,1095,non-conventional,2018,Seattle,5,36,3643765
619,6136,711,41426,61517,40117,4901,1146,2452,1140,non-conventional,2016,Indianapolis,5,36,1564699
620,5599,4838,50287,47725,37836,3466,4482,1930,1438,non-conventional,2016,Columbus,5,36,6675
621,2408,1060,38731,33031,66927,1310,4375,4668,1811,non-conventional,2016,Jacksonville,5,36,12612
622,5203,3557,68202,46488,70351,4106,4359,4308,609,non-conventional,2015,Portland,5,36,5929
623,3229,2087,58661,43217,63615,4025,3449,3087,1878,non-conventional,2015,Jacksonville,5,36,28513
624,1401,1454,65394,64403,77480,3664,2171,4682,1361,non-conventional,2015,Denver,5,36,2787266
625,1789,4985,40196,34011,68359,4147,1421,4788,779,non-conventional,2016,Syracuse,5,36,29507
626,6176,4121,40249,78521,60106,2890,4322,4920,1441,non-conventional,2015,Tampa,5,36,2804240
627,6006,209,37645,36198,68879,4557,2687,3743,1093,non-conventional,2016,Jacksonville,5,36,14429
628,3883,2976,46389,40271,54886,3902,2390,2417,968,non-conventional,2016,Charlotte,5,36,12657
629,4820,3904,41343,57083,30326,2731,4845,3014,1598,non-conventional,2017,Jacksonville,5,36,28513
630,3020,3168,51138,39449,44247,2879,4767,3011,1368,non-conventional,2016,Roanoke,5,36,216177
631,2610,1013,64762,43661,65622,1577,2651,1308,1558,non-conventional,2016,California,5,36,6364
632,4203,1050,32232,35167,76580,3095,5578,8480,779,non-conventional,2015,Columbus,5,36,31701
633,2934,2419,60150,40036,58226,7308,8376,2467,1629,non-conventional,2017,Tampa,5,36,2804240
634,1121,745,74982,65229,32343,5274,2188,5009,1815,non-conventional,2015,Sacramento,5,36,1854698
635,2679,3422,31131,46968,72144,2373,8799,8797,1203,non-conventional,2016,Houston,5,36,5446468
636,7315,407,61201,72555,55047,3575,7696,5973,1309,non-conventional,2016,Jacksonville,5,36,14429
637,1501,69,51030,42456,63666,2460,2135,3269,695,non-conventional,2016,Jacksonville,5,36,1156291
638,4561,2068,35909,30186,45417,4725,5798,5906,981,non-conventional,2017,Chicago,5,36,8675982
639,1516,268,31258,78261,52704,8154,8682,6424,706,non-conventional,2018,Syracuse,5,36,407259
640,1412,1181,58055,37021,40146,6798,7424,7488,1920,non-conventional,2017,Boise,5,36,385218
641,6991,1285,56124,76324,47804,2781,8275,7606,1972,non-conventional,2016,Albany,5,36,90515
642,6030,2189,66159,77310,77490,2610,6927,2181,1079,non-conventional,2018,Atlanta,5,36,5228750
643,4256,1864,35386,69218,30004,2169,5516,7670,713,non-conventional,2017,Seattle,5,36,3643765
644,3730,2990,76089,37963,63095,4845,8636,4987,750,non-conventional,2017,Syracuse,5,36,7068
645,2101,2856,54421,53115,59606,8286,6982,7573,1236,non-conventional,2018,Syracuse,5,36,7068
646,6709,4253,34972,49502,43360,6953,2892,8582,647,non-conventional,2017,Orlando,5,36,1776841
647,4612,1539,72238,33411,54856,4457,4058,3296,719,non-conventional,2016,Louisville,5,36,21128
648,2260,2808,34496,77646,73378,2331,7965,4889,893,non-conventional,2015,Louisville,5,36,9335
649,3372,4258,65960,59164,34902,2764,8496,4930,1332,non-conventional,2017,Philadelphia,5,36,7545
650,6050,4543,46247,62425,32239,7537,8021,6569,1162,non-conventional,2015,Detroit,5,36,3522206
651,6435,1160,66755,55020,40649,6735,3293,6412,1595,non-conventional,2018,Portland,5,36,11808
652,3384,2518,76080,63367,56719,4869,8109,8614,1807,non-conventional,2016,Seattle,5,36,3643765
653,3453,1169,78457,62173,64769,2794,3860,4082,1771,non-conventional,2016,Columbus,5,36,31701
654,7169,177,34026,54950,34004,3501,3208,5587,1047,non-conventional,2017,Nashville,5,36,5487
655,7269,582,57962,46983,63724,3083,2649,2099,1213,non-conventional,2015,Portland,5,36,206023
656,6810,2379,54836,47592,53342,4052,8107,4821,735,non-conventional,2016,Spokane,5,36,403043
657,4839,3047,74338,71998,59172,5960,6534,2447,1256,non-conventional,2015,Detroit,5,36,3522206
658,2606,1365,59294,56881,36045,3190,7823,7691,1159,non-conventional,2015,Boston,5,36,4637537
659,2225,2634,55711,49406,42293,5468,3521,5701,1237,non-conventional,2017,Seattle,5,36,3643765
660,7512,418,41034,51207,62503,7190,4785,8767,1314,non-conventional,2017,Louisville,5,36,21128
661,5279,2800,43347,51579,74109,2544,7618,3406,1304,non-conventional,2015,Columbus,5,36,58771
662,4616,174,44588,47485,78444,4325,8610,4222,1818,non-conventional,2017,Columbus,5,36,58771
663,1293,3197,49385,57442,69605,3262,5633,6951,1428,non-conventional,2016,Louisville,5,36,21128
664,4604,482,66938,66243,52842,7032,7963,4265,1533,non-conventional,2018,Syracuse,5,36,29507
665,6306,3145,39506,52250,48202,6303,5741,3716,1284,non-conventional,2017,California,5,36,6364
666,1723,3797,52428,70121,56260,4170,8181,8347,1189,non-conventional,2015,Indianapolis,5,36,1564699
667,7556,3799,75021,74884,57373,2632,8834,8186,1501,non-conventional,2017,Southeast,5,36,18288
668,6848,381,37830,36421,77099,8999,5507,4080,762,non-conventional,2016,Louisville,5,36,21128
669,5175,2922,56915,73156,65971,8081,2789,7935,737,non-conventional,2015,Nashville,5,36,1076645
670,6155,4607,57367,44621,67866,6016,2274,3074,1837,non-conventional,2016,Louisville,5,36,21128
671,6948,1732,66550,34144,75821,2756,7166,8705,1021,non-conventional,2018,Portland,5,36,5070
672,4203,4282,72176,50948,48118,7483,4583,6286,1863,non-conventional,2015,Boston,5,36,8068
673,4602,4340,30552,63195,43639,8517,4048,3397,1494,non-conventional,2017,Jacksonville,5,36,12612
674,3797,547,77509,48050,75371,3803,4495,2002,1756,non-conventional,2017,Columbus,5,36,58771
675,5879,2862,59748,70047,68742,5900,2817,7318,624,non-conventional,2016,Columbus,5,36,259160
676,6615,4329,54180,56862,39837,2068,2330,2467,703,non-conventional,2015,Portland,5,36,206023
677,5653,2834,69666,47734,59998,7670,8308,4154,884,non-conventional,2016,Houston,5,36,5446468
678,3156,3106,45553,31097,48456,3435,7739,2213,1041,non-conventional,2016,Roanoke,5,36,216177
679,4902,3602,64339,50432,35376,3145,3600,3579,1300,non-conventional,2017,Portland,5,36,2052796
680,1792,3581,73524,77307,60720,5130,4137,6010,1697,non-conventional,2017,California,5,36,6364
681,1763,2341,76112,50976,79883,5760,2710,6583,1953,non-conventional,2016,Indianapolis,5,36,1564699
682,4906,1690,49300,54041,46011,7555,2148,4713,1556,non-conventional,2016,Philadelphia,5,36,5637884
683,6928,4452,51732,36711,51589,8435,5681,7892,1282,non-conventional,2015,Atlanta,5,36,5541
684,4273,689,50587,49527,58973,5817,6268,2308,1536,non-conventional,2015,Jacksonville,6,36,21512
685,7291,2136,68175,31258,33907,6065,8100,2195,1829,non-conventional,2018,Louisville,6,36,9335
686,7553,890,77461,58496,61213,4599,2651,2162,1819,non-conventional,2015,Indianapolis,6,36,1564699
687,6253,1421,64712,39427,73478,4741,3570,3070,1368,non-conventional,2017,Pittsburgh,6,36,1715297
688,4272,1518,49646,50280,68786,5596,6049,2077,1469,non-conventional,2017,Tampa,6,36,2804240
689,2181,1890,66518,64970,69235,8015,5633,3321,789,non-conventional,2018,Charlotte,6,36,12657
690,4441,4738,60238,50139,69059,4864,5967,2606,1942,non-conventional,2017,Philadelphia,6,36,5637884
691,1387,3228,32439,56771,57309,2803,3768,7210,967,non-conventional,2017,Atlanta,6,36,5228750
692,5338,1557,51905,65810,71886,3184,4907,6877,1952,non-conventional,2017,Albany,6,36,20143
693,2289,880,57190,45125,39397,7304,7809,5128,613,non-conventional,2017,Columbus,6,36,23123
694,1949,426,47728,52933,72005,5234,7747,7923,1425,non-conventional,2016,Jacksonville,6,36,28513
695,2771,4795,66001,38791,51589,8314,6633,7794,1607,non-conventional,2016,Atlanta,6,36,5228750
696,5226,3769,40798,57190,47365,3745,7684,2638,680,non-conventional,2016,Louisville,6,36,9335
697,3553,2485,37558,33763,31006,7659,5900,3563,1323,non-conventional,2015,Roanoke,6,36,216177
698,3910,36,62277,44490,79473,6172,6867,4361,1617,non-conventional,2017,Columbus,6,36,1528314
699,5454,4299,65597,59504,36620,6676,4532,6511,1903,non-conventional,2016,Syracuse,6,36,407259
700,3831,4106,59781,79048,38111,8429,4550,7021,746,non-conventional,2017,Denver,6,36,2787266
701,2505,1116,47950,66175,75154,8266,3563,8877,1311,non-conventional,2016,Roanoke,6,36,216177
702,4516,2534,36581,58357,45284,4742,5397,5238,1077,non-conventional,2018,Charlotte,6,36,1467362
703,6306,298,53186,49247,67075,8738,3515,5562,1284,non-conventional,2015,Houston,6,36,5446468
704,2526,1156,60412,43117,45526,8640,7580,3454,1687,non-conventional,2017,Houston,6,36,5446468
705,1695,287,32878,71399,52359,3171,8444,2019,1791,non-conventional,2017,Houston,6,36,5446468
706,7719,3866,38383,78597,74986,6450,5402,8139,1506,non-conventional,2017,Albany,6,36,60795
707,6990,3720,78287,59403,35774,5647,2227,6338,1777,non-conventional,2016,Denver,6,36,2787266
708,5663,4821,35423,66801,67778,4007,3867,8297,989,non-conventional,2017,Columbus,6,36,31701
709,4522,3847,47435,69966,45233,2395,4449,2920,833,non-conventional,2015,Charlotte,6,36,1467362
710,4808,4589,30455,65991,75790,5143,4469,5925,1489,non-conventional,2016,Albany,6,36,597270
711,7652,3514,43932,55255,62359,2588,3603,2260,1346,non-conventional,2016,Louisville,6,36,21128
712,2374,2811,43948,75009,75812,8490,2796,8399,1886,non-conventional,2015,Columbus,6,36,31701
713,6299,588,37641,51788,40278,4436,2663,2235,715,non-conventional,2015,Portland,6,36,5929
714,7016,2765,54333,55867,56729,6668,3231,7914,1600,non-conventional,2015,Columbus,6,36,23123
715,6165,1875,59962,31926,62795,7247,7683,5253,4060,non-conventional,2018,Jacksonville,6,36,14429
716,3254,3168,33358,67605,39581,3979,6149,6502,6196,non-conventional,2016,Columbus,6,36,259160
717,2735,2744,65913,78438,78153,2298,7685,4712,2760,non-conventional,2016,Pittsburgh,6,36,1715297
718,3010,2346,34187,63826,56437,3912,7165,8965,6165,non-conventional,2015,Nashville,6,36,1076645
719,3264,958,50071,61853,50886,6616,4484,4430,6420,non-conventional,2016,Pittsburgh,6,36,1715297
720,4042,1720,32495,36799,57606,7951,7330,2369,5388,non-conventional,2015,California,6,36,13440
721,6331,3253,30163,51671,31178,8301,6680,7402,7931,non-conventional,2017,Charlotte,6,36,1467362
722,7362,1412,52757,65659,53630,2273,2294,2249,6306,non-conventional,2017,Boston,6,36,8068
723,7186,2712,62666,46817,53541,5641,7516,3963,7630,non-conventional,2017,Columbus,6,36,58771
724,3121,2478,55290,39409,39746,7984,3356,6430,4578,non-conventional,2018,Louisville,6,36,9335
725,7032,814,46536,51082,74588,5211,7131,3550,4715,non-conventional,2016,Indianapolis,6,36,1564699
726,4605,4578,60668,30473,63779,7379,6430,3167,7039,non-conventional,2016,Indianapolis,6,36,1564699
727,7910,164,70045,76912,37660,3574,4410,2497,2337,non-conventional,2017,Louisville,6,36,9335
728,5945,2148,58941,45563,59811,3922,6933,2135,803,non-conventional,2015,Louisville,6,36,21128
729,7387,3597,64261,30293,79153,4343,4581,4512,1167,non-conventional,2016,Portland,6,36,206023
730,5464,4175,63080,39957,52093,2619,7745,6117,6924,non-conventional,2015,Jacksonville,6,36,1156291
731,2518,1113,55990,51969,59432,4797,5391,4553,4113,non-conventional,2016,California,6,36,13440
732,3561,3954,43806,32738,60021,8660,6895,8683,1488,non-conventional,2017,Syracuse,6,36,29507
733,4058,4662,36507,45923,53520,8143,2631,4534,2299,non-conventional,2016,Columbus,6,36,259160
734,3942,3371,51664,58802,37560,8543,4028,6414,5390,conventional,2016,Albany,6,36,20143
735,1017,4438,51648,61074,73878,6009,8977,7810,2182,conventional,2016,Portland,6,36,5929
736,4386,874,50086,54825,34633,6835,6234,3813,3814,organic,2017,Chicago,6,36,8675982
737,5505,946,76932,36027,40313,7653,2049,2896,2143,organic,2016,Columbus,6,36,58771
738,5252,3833,70420,65636,41044,6576,7311,7906,2955,natural,2016,Louisville,6,36,9335
739,6604,4788,32433,75441,31133,6030,4787,6870,6311,natural,2016,Portland,6,36,5070
740,5782,4438,30395,75339,70113,7050,7900,5601,2144,natural,2017,Charlotte,6,36,12657
741,1699,2909,50170,68899,64683,4005,3009,3472,1521,natural,2016,Seattle,6,36,3643765
742,1273,3104,30832,34915,42585,6638,4458,3381,836,natural,2015,Albany,6,36,26445
743,7955,953,72211,49473,31211,5527,2225,8786,1003,natural,2016,Boise,6,36,385218
744,1539,4530,33356,75110,52291,2610,3029,6754,3257,natural,2016,Philadelphia,6,36,5637884
745,3239,698,60039,70078,69987,3111,3191,7912,674,natural,2017,Charlotte,6,36,1467362
746,5905,3745,57709,58574,56403,6707,3367,7028,6097,natural,2015,Portland,6,36,12020
747,3161,3497,49175,63992,46817,6977,7366,3427,1563,natural,2016,Portland,6,36,12020
748,1025,1639,33513,49137,43105,3935,7975,8690,2836,natural,2015,Portland,6,36,2052796
749,3048,3617,37998,45887,46588,4130,7306,6444,932,natural,2017,Charlotte,6,36,12657
750,7228,1827,37606,45348,57876,2298,5446,7378,4498,natural,2015,Portland,6,36,2052796
751,3592,3087,70840,50672,49752,7882,7081,4539,3824,natural,2017,Syracuse,6,36,407259
752,6466,1748,73489,74179,53012,6865,2023,6241,5185,natural,2017,Albany,6,36,90515
753,6743,4634,40510,45452,68159,5360,8728,8282,3341,natural,2017,Roanoke,6,36,216177
754,1424,943,70619,32249,47618,7383,6312,4525,6227,natural,2016,Portland,6,36,11808
755,5381,3018,70022,69333,45843,2269,3588,8673,5869,natural,2015,Louisville,6,36,9335
756,2484,2400,55925,50338,67917,4872,5906,7593,2258,natural,2017,Detroit,6,36,3522206
757,7499,2327,38814,31572,33264,5550,8846,2051,5793,natural,2017,Boston,6,36,8068
758,4658,4766,43110,45394,59355,8761,5855,2875,7314,natural,2016,Syracuse,6,36,407259
759,5481,4475,40764,40574,35570,7640,2533,3413,5132,natural,2015,Spokane,6,36,403043
760,4124,3824,73300,30011,48673,2584,8963,2012,6819,natural,2017,Jacksonville,6,36,28513
761,1873,2949,75125,46931,78158,8582,2372,3198,7052,natural,2016,Louisville,6,36,1011696
762,2234,2081,45696,41013,57663,3152,7198,8987,4761,natural,2016,Syracuse,6,36,7068
763,4383,3364,65969,33166,50330,7596,3275,4449,2101,natural,2018,Pittsburgh,6,36,1715297
764,5141,4975,78254,51731,43757,6445,2396,3582,6219,natural,2017,Atlanta,6,36,5541
765,2256,2106,75718,70600,59495,4768,6808,5070,3773,natural,2017,Pittsburgh,6,36,1715297
766,1178,2449,46872,51161,30442,5148,3183,3216,2774,natural,2015,Albany,6,36,26445
767,2691,3786,32888,78143,44149,8155,7566,5128,5439,natural,2017,Charlotte,6,36,12657
768,6391,2724,68987,34671,79604,2269,5362,3923,2036,natural,2017,Portland,6,36,5070
769,3890,3337,52061,37488,70385,6099,4267,4613,2946,natural,2016,California,6,36,6364
770,4097,1506,43583,79353,47838,2479,7084,5182,6510,natural,2017,Spokane,6,36,403043
771,7611,1647,65927,34478,59212,4914,6612,6800,5542,natural,2015,Roanoke,6,36,216177
772,6152,2689,46363,46768,66740,5324,6837,7203,930,natural,2015,Chicago,6,36,8675982
773,1999,3782,35651,64026,63292,3567,2528,8681,697,natural,2016,Portland,6,36,5070
774,2474,935,72550,61342,62039,7731,6390,8994,6558,natural,2016,Portland,6,36,17287
775,4550,4121,52375,45948,72474,4383,2527,3563,3159,natural,2015,Portland,6,36,17287
776,3379,3510,46195,63158,39703,8414,7465,7717,1339,natural,2016,Columbus,6,36,6675
777,7309,3634,44351,62768,67664,4172,6515,6104,3446,natural,2015,Portland,6,36,9391
778,1695,4535,79362,39359,71187,7418,7388,3748,1722,natural,2016,Portland,6,36,12020
779,7469,423,62351,62577,53481,5574,8184,6339,7571,natural,2018,Portland,6,36,5929
780,3146,3792,63297,43999,37158,7488,7936,4932,7913,natural,2015,Syracuse,6,36,29507
781,2541,1670,43243,47187,39981,5854,3652,4393,6519,natural,2015,Portland,6,36,206023
782,1922,354,40542,50633,69208,6513,5157,5798,7281,natural,2016,Portland,6,36,11808
783,1185,3754,42497,55601,34964,8786,2848,7530,7622,natural,2017,Syracuse,6,36,407259
784,3508,4403,51903,37311,48351,3773,2103,2112,2261,natural,2015,Indianapolis,6,36,1564699
785,4257,4735,31986,63186,43246,3148,3007,4705,2137,natural,2015,Portland,6,36,12020
786,3957,3097,39007,63281,50449,4463,4370,3302,1738,natural,2016,Portland,6,36,9391
787,6233,1011,61131,31308,39727,2099,3805,4471,5211,natural,2017,Nashville,6,36,5487
788,5770,1805,55065,69995,75490,3676,4502,5300,5102,natural,2016,Columbus,6,36,1528314
789,6692,2273,63925,35396,36420,7771,4603,7814,2297,natural,2015,Philadelphia,6,36,7545
790,6570,4474,71070,59878,52260,6713,6071,3922,1801,natural,2017,Columbus,6,36,259160
791,4965,2091,72834,74037,62411,7113,3953,2913,2785,natural,2017,Syracuse,6,36,29507
792,4472,93,36065,58443,46311,3457,4094,2373,5873,natural,2015,Syracuse,6,36,7068
793,7410,4421,74891,69965,57032,7257,3536,6367,633,natural,2015,Spokane,6,36,403043
794,2600,985,78321,46716,33968,6536,7344,5631,6891,natural,2017,Philadelphia,6,36,7545
795,3901,4289,41732,41991,38847,8110,8422,5200,3580,natural,2015,Syracuse,6,36,7068
796,1200,4770,63661,54263,68507,8341,7365,2283,559,natural,2015,Portland,6,36,12020
797,7629,1293,68791,50459,58100,5787,7207,4354,5471,natural,2017,Columbus,6,36,259160
798,6438,510,58331,53154,52716,7798,3525,7571,4076,natural,2017,Portland,6,36,11808
799,4183,1298,39481,62936,53691,2044,7152,5976,4168,natural,2015,Charlotte,6,36,1467362
800,5808,4637,46461,57784,52938,5644,8469,3052,846,natural,2015,Portland,6,36,9391
801,3261,1352,66344,34273,37943,5583,2904,7417,806,natural,2017,Roanoke,6,36,8135
802,7202,1621,59891,59420,60624,8057,4537,6285,4867,natural,2016,Seattle,6,36,3643765
803,5128,4950,77839,59735,34823,3679,3958,5686,6502,natural,2016,California,6,36,6364
804,6362,4597,43051,66564,44922,3998,8412,7583,1431,natural,2016,Portland,6,36,5929
805,6921,3871,52527,34929,32226,6762,7509,3776,1557,natural,2016,Roanoke,6,36,216177
806,6625,2278,48731,51334,65980,8974,7637,4323,6423,natural,2017,California,6,36,6364
807,2141,46,69346,54483,47165,7938,2325,5335,7772,natural,2016,Southeast,6,36,18288
808,3181,4286,36826,61309,64536,8519,3393,8461,2828,natural,2016,Indianapolis,6,36,1564699
809,6674,3905,68046,58315,56975,2068,7910,2530,4709,natural,2016,Syracuse,8,36,29507
810,1978,2458,48507,36879,62049,2502,2794,7360,4206,natural,2016,Boston,8,36,4637537
811,6566,2445,51282,51723,70155,8117,8258,7748,2744,natural,2015,Louisville,8,36,21128
812,7227,4602,34110,58569,57510,5943,4293,3640,1324,natural,2017,California,8,36,6364
813,1008,825,54436,59511,55310,5614,2732,6033,4255,conventional,2017,Orlando,8,36,1776841
814,1650,649,40647,57150,79703,5858,2302,6048,1496,conventional,2015,Jacksonville,8,36,108872
815,3042,2875,73738,35642,64742,5627,3694,3427,2424,organic,2015,Roanoke,8,36,8135
816,5973,2934,41707,38928,37575,5620,3177,4806,4447,conventional,2015,Tampa,8,36,2804240
817,7670,4879,40168,49152,52555,7428,5386,7290,1275,organic,2016,Jacksonville,8,36,12612
818,6155,2749,77096,44435,52095,6205,7284,6327,6813,conventional,2017,Roanoke,8,36,8135
819,2969,605,58552,31873,36739,8082,6190,2015,4536,conventional,2015,Albany,8,36,60795
820,5631,1802,76835,54427,68216,2900,5320,7801,6030,organic,2016,Jacksonville,8,36,108872
821,7201,1305,46740,59044,73352,7417,2656,3967,2103,organic,2016,Louisville,8,36,21128
822,7486,1647,69891,75713,62513,5131,6155,3019,3459,organic,2015,Portland,8,36,11808
823,2387,3748,59001,68752,31192,5072,7260,5266,6275,organic,2016,Boston,8,36,8068
824,6043,155,49317,42723,40760,5817,4153,8034,7115,organic,2016,Charlotte,8,36,12657
825,5023,666,54099,56725,69042,8120,7855,4237,5674,conventional,2017,California,8,36,13440
826,4079,547,54801,48529,43847,4490,4354,2649,7881,conventional,2016,Louisville,8,36,9335
827,2647,1443,53587,49967,78298,4816,5726,7287,2350,organic,2017,Columbus,8,36,23123
828,2106,720,69825,63544,33782,5707,8147,2903,4412,organic,2016,Denver,8,36,2787266
829,6059,1963,49251,44999,37663,2373,7170,6888,1011,organic,2015,Jacksonville,8,28,108872
830,1098,1465,74717,64083,36825,8440,5327,2260,3139,organic,2016,Boise,8,28,385218
831,5949,823,43654,33420,60850,4129,4504,8014,6749,organic,2016,Denver,8,28,2787266
832,5818,4859,36738,52086,77502,8638,8734,2824,7234,organic,2017,Detroit,8,28,3522206
833,3556,1357,78231,76617,30778,5468,2202,3800,4829,organic,2017,Southeast,8,28,18288
834,7156,4641,39744,46107,46926,4779,6904,2119,7253,organic,2015,Boston,8,28,4637537
835,5738,451,62854,75860,70513,4768,3751,8174,7346,conventional,2016,Columbus,8,28,6675
836,7814,3975,56638,48706,74284,3376,8864,4156,7986,conventional,2017,California,8,28,6364
837,3340,49,41956,62442,70499,8806,5409,5920,5240,conventional,2016,Boston,8,28,4637537
838,4346,4594,65193,63076,58072,2839,4428,5301,1269,organic,2015,Jacksonville,9,28,21512
839,7930,1718,67688,40104,55210,8414,7608,5910,6280,conventional,2016,Boston,9,28,4637537
840,6421,820,76303,71213,48728,4830,3790,3041,3835,organic,2017,Syracuse,9,28,7068
841,4174,3101,60354,79116,68418,5573,6318,6586,1203,organic,2015,Houston,9,28,5446468
842,7557,564,72068,45476,78223,3296,7141,5158,913,conventional,2016,Syracuse,9,28,29507
843,2051,2995,35802,43583,78498,7763,4028,6236,500,conventional,2017,Orlando,9,28,1776841
844,7591,1163,51752,57061,65802,6852,4101,7918,1208,organic,2015,Detroit,9,28,3522206
845,3652,1932,76248,70924,47890,8813,4209,3742,7182,organic,2015,Boise,9,28,385218
846,1101,3544,47418,30139,75847,7686,8563,3074,6921,conventional,2018,Seattle,9,28,3643765
847,7687,1724,52472,78717,60097,5195,7675,8266,5038,organic,2017,Columbus,9,28,6675
848,4637,234,61364,56065,37979,8161,2265,8110,5857,conventional,2017,California,9,28,6364
849,6177,2678,36987,45786,66514,2556,6283,6393,7942,conventional,2016,Boise,9,28,385218
850,5810,2197,68566,55523,59644,3194,2598,6565,2282,organic,2017,Jacksonville,9,28,28513
851,3994,937,35244,73111,74209,5710,8044,3068,1108,conventional,2017,Portland,9,28,5929
852,4996,4847,38516,79545,51561,7707,5400,3423,7482,conventional,2017,Columbus,9,28,58771
853,6816,123,58090,72924,57239,2316,2284,7771,7942,organic,2017,Denver,9,28,2787266
854,7747,3397,67038,59846,68315,7209,7308,8511,3114,conventional,2017,Portland,9,28,11808
855,3501,3843,54566,37125,52894,5542,2784,4337,2807,conventional,2017,Jacksonville,9,28,1156291
856,6337,3014,47059,38018,62207,2564,6224,4132,2524,conventional,2016,Albany,9,28,26445
857,6872,1316,48688,43329,57577,2536,5054,3496,1512,organic,2018,Jacksonville,9,28,28513
858,2596,3593,63746,74726,78410,6342,5372,3588,936,organic,2016,Columbus,9,28,6675
859,7671,1657,33096,72891,50759,7906,7260,3234,4233,organic,2016,Portland,9,28,206023
860,5582,1988,69524,69215,73642,8205,6905,8031,5370,organic,2015,Jacksonville,9,28,14429
861,6773,4272,34598,71690,36300,2031,5262,7914,5115,organic,2018,Houston,9,28,5446468
862,2526,1109,46819,62688,57129,7466,3995,4665,1643,organic,2017,Roanoke,9,28,216177
863,3380,785,41300,53432,69256,3826,5802,5429,6050,conventional,2016,Columbus,9,28,58771
864,5879,1535,75459,51118,65368,6745,4100,4454,1508,conventional,2016,Albany,9,28,90515
865,2374,3537,46955,37901,68725,3242,3752,7494,1641,conventional,2015,Albany,9,28,20143
866,7232,1819,58015,58508,66028,5956,6374,7838,5900,organic,2016,Orlando,9,28,1776841
867,7069,38,76952,79536,61260,2452,6931,3435,6163,organic,2017,Louisville,9,28,21128
868,2191,2315,43274,46280,44632,6927,4521,7942,1721,conventional,2017,Portland,9,28,206023
869,6796,2017,44051,41064,47074,3109,5519,6701,4410,conventional,2016,Albany,9,28,60795
870,7705,3792,38656,56706,34901,3129,3506,8938,4620,conventional,2015,Portland,9,28,12020
871,7117,3972,41378,64258,35220,7189,4764,5547,6802,organic,2015,Indianapolis,9,28,1564699
872,1939,1230,35405,72799,58009,7800,8208,4351,4467,organic,2015,Jacksonville,9,28,108872
873,6427,4543,30240,48145,35083,3683,6701,8531,3928,conventional,2015,Syracuse,9,28,7068
874,4131,2331,63286,33187,73995,2075,4185,4678,7186,conventional,2018,Albany,9,28,597270
875,6271,984,49505,34890,63008,6055,2648,4563,7575,conventional,2016,California,9,28,6364
876,3260,3810,53423,44253,51989,5646,4701,2856,5672,organic,2015,Pittsburgh,9,28,1715297
877,1720,4450,40925,39703,40771,7932,3706,2197,5324,organic,2016,Philadelphia,9,28,5637884
878,2758,2807,73791,55715,56306,6429,5560,2373,845,organic,2015,Louisville,9,28,9335
879,6536,4090,41726,60451,79933,8286,4796,8487,7304,conventional,2015,Roanoke,9,28,8135
880,4855,2205,59965,30185,32303,7949,2714,6981,2786,conventional,2016,Tampa,9,40,2804240
881,7492,2113,50974,36587,47617,3929,7227,2625,7843,organic,2018,Louisville,9,40,1011696
882,5942,2330,44598,30418,38139,2667,8710,8872,1568,organic,2017,Sacramento,10,40,1854698
883,3370,3999,30811,63656,36925,2936,2047,3755,1943,organic,2015,Syracuse,10,40,407259
884,6665,4723,55861,44129,33956,6425,8754,2738,7210,conventional,2015,Seattle,10,40,3643765
885,2894,3307,61296,55986,61029,8188,6538,4164,4598,conventional,2017,Detroit,10,40,3522206
886,5803,4552,63196,76160,50126,2306,5917,4620,3053,organic,2016,Boston,10,40,4637537
887,5732,244,51915,41067,64319,2765,4146,6897,2827,conventional,2015,Albany,10,40,20143
888,1089,1927,73227,67063,36785,8307,4952,4144,1006,organic,2016,Jacksonville,10,40,1156291
889,2697,3601,38775,37709,76480,2969,6980,6459,7013,organic,2016,Albany,10,40,90515
890,4497,239,53748,57229,37448,3944,2093,2060,5625,conventional,2017,Albany,10,40,597270
891,5507,864,48998,59358,43072,8715,6564,6750,4908,conventional,2017,Portland,10,40,12020
892,6474,4888,50314,58070,54377,4093,3782,4696,2377,conventional,2018,Syracuse,10,40,7068
893,5506,3600,47469,53805,75242,6530,2742,7935,6804,organic,2016,Jacksonville,10,40,1156291
894,2586,236,43523,58345,67836,4554,6464,4915,6283,organic,2016,Portland,10,40,2052796
895,5561,2615,31072,31979,60934,4911,2636,4040,6642,organic,2016,Roanoke,10,40,8135
896,7261,4855,77930,35950,64862,6081,3406,2249,5847,organic,2017,Roanoke,10,40,216177
897,1513,2117,40743,35251,68844,8406,4324,4191,7638,organic,2017,Jacksonville,10,40,108872
898,2479,3772,55748,65570,52601,3286,7320,3680,5068,conventional,2017,Boise,10,40,385218
899,5871,1016,41599,39752,49878,8313,3058,6730,1414,conventional,2015,Syracuse,10,40,7068
900,4427,4397,51044,38137,78161,5389,5417,3457,1183,organic,2016,Boston,10,40,8068
901,4628,3157,48180,38647,47431,6767,7108,4147,7804,conventional,2016,Portland,10,40,9391
902,4430,3887,60915,44003,68156,3671,3281,6419,7066,conventional,2015,Syracuse,10,40,407259
903,5388,3907,68152,52021,45126,2902,4318,4242,3634,conventional,2017,Boise,10,40,385218
904,1340,3510,30546,48443,33482,4097,8212,8336,2924,organic,2015,Louisville,10,40,1011696
905,2980,3027,38617,44831,51915,3185,7780,8210,1869,organic,2016,Detroit,10,40,3522206
906,5734,3136,59166,63400,45328,3732,4557,7011,6967,organic,2015,Philadelphia,10,40,5637884
907,6075,364,34181,74396,79257,6800,7688,3503,7175,conventional,2016,Portland,10,40,12020
908,5221,1348,72932,69687,35059,8458,3238,4281,4107,organic,2018,Sacramento,10,40,1854698
909,2421,2056,77794,51947,79267,5474,3976,8075,3024,organic,2015,Pittsburgh,10,40,1715297
910,1296,3486,55173,56320,41439,4354,6026,4116,4274,conventional,2017,Spokane,10,40,403043
911,2809,2196,67829,79255,53303,4573,2650,4454,2199,organic,2016,Columbus,10,40,259160
912,4668,765,30749,59676,46515,7623,7209,2221,4717,conventional,2017,Syracuse,10,40,7068
913,3769,1864,55339,57824,67297,5256,4820,3873,4901,conventional,2016,Portland,10,40,5929
914,6272,3802,74826,68136,56477,5485,7839,8653,7851,organic,2016,Louisville,10,40,9335
915,5404,4900,44845,31888,43514,7258,7188,8576,4486,conventional,2017,Albany,10,40,20143
916,4638,2572,68200,73710,71861,7235,7879,7377,2938,organic,2018,Philadelphia,10,40,5637884
917,5128,55,40937,46508,67664,3921,3720,3039,3988,conventional,2016,Columbus,10,40,1528314
918,1532,4201,32638,35456,57328,6821,7202,5166,4070,organic,2017,Tampa,10,40,2804240
919,6733,4598,72412,36443,72540,6839,6375,2422,3870,conventional,2018,Columbus,10,40,23123
920,1595,4274,77902,43518,41454,3174,6726,2957,6366,organic,2017,Columbus,10,40,6675
921,7409,2527,32714,69394,72857,3886,8532,4210,3408,conventional,2015,Jacksonville,10,40,1156291
922,7823,4215,78487,56763,50107,7223,7978,3065,3217,conventional,2015,Portland,10,32,2052796
923,5831,3355,34893,38386,51916,5992,4293,7314,3223,conventional,2016,Atlanta,10,32,5541
924,3708,2515,42980,72230,38931,8242,8626,5203,6944,conventional,2016,Southeast,10,32,18288
925,4809,4020,36669,76390,75698,4886,4944,7822,6113,conventional,2015,Portland,10,32,17287
926,3841,4758,52942,37795,75416,8757,2742,6911,4717,organic,2015,Columbus,10,32,6675
927,7080,939,79916,58241,49554,8732,3602,6181,6896,organic,2016,Nashville,10,32,5487
928,4178,3250,72122,37927,58922,7463,8917,7262,3722,organic,2017,Louisville,10,32,21128
929,6906,2165,35516,39051,35925,8223,6737,7925,6646,organic,2016,California,10,32,6364
930,1336,796,69770,64414,63680,6927,6510,4748,3639,organic,2018,Jacksonville,10,32,1156291
931,5770,4577,42066,60285,41353,4204,5638,6709,7797,organic,2018,Boston,10,32,8068
932,6890,1476,46531,43965,34959,7969,7252,2463,1725,conventional,2018,Portland,10,32,206023
933,7914,926,64378,31841,35106,4487,4687,5463,1865,organic,2016,Atlanta,10,32,5541
934,6005,2312,76428,62804,64962,3967,7088,2615,3799,conventional,2016,Sacramento,10,32,1854698
935,3885,977,64692,68717,76159,6560,8498,4811,4534,conventional,2017,Jacksonville,10,32,108872
936,4064,1103,51610,70311,57505,7253,2949,2094,4658,organic,2016,Columbus,10,32,23123
937,4874,2036,48756,55995,44381,2379,7126,3046,4046,organic,2017,Nashville,10,32,5487
938,1820,1508,49989,64645,66348,6684,4964,3516,5845,conventional,2015,Jacksonville,10,32,1156291
939,1113,738,65854,60610,55873,7719,3094,7369,1000,organic,2016,Roanoke,10,32,8135
940,2145,4807,42867,56482,78623,2720,8190,6599,6775,conventional,2018,Sacramento,10,32,1854698
941,4626,3320,71116,43704,56411,4673,5028,6627,6908,organic,2017,California,10,32,13440
942,5788,236,43960,40146,34698,2675,3123,6411,5948,conventional,2016,California,10,32,13440
943,7489,4755,46260,64483,46729,8628,6778,2540,7664,organic,2017,Boston,10,32,4637537
944,4520,3307,69018,47722,75864,5793,8232,7020,4490,organic,2015,Columbus,10,32,31701
945,5732,4098,75253,62361,55099,2712,6739,4728,4526,organic,2016,Nashville,10,32,1076645
946,2572,3972,44232,34325,78147,5556,6953,7636,3332,organic,2016,Denver,10,32,2787266
947,2681,4706,42713,79270,35368,5742,7905,4885,5888,conventional,2016,Portland,10,32,2052796
948,1623,1962,77696,72214,44604,3175,2928,8737,1142,organic,2018,Albany,10,32,20143
949,3818,3386,78033,44151,39893,3237,4892,7364,6031,conventional,2016,Columbus,10,32,6675
950,3256,1117,43530,45209,52366,2616,7917,7771,5178,conventional,2016,Boston,10,32,4637537
951,6325,2750,30202,54594,40856,8232,3495,5162,5016,organic,2018,Spokane,10,32,403043
952,7899,2014,33089,53437,42558,4388,6954,2175,7630,conventional,2016,Columbus,10,32,31701
953,4365,3610,53396,55500,61244,8920,7346,2868,7909,organic,2017,Tampa,10,32,2804240
954,1331,4016,52371,71541,77323,2988,8590,5921,721,conventional,2017,Boston,10,32,8068
955,7430,915,49507,70988,63833,2954,2181,4448,3008,conventional,2018,Roanoke,10,32,8135
956,5100,3338,79773,50606,63787,3804,2684,6294,7223,conventional,2017,Columbus,10,32,6675
957,2937,2609,77315,61017,39765,7604,5654,5605,2176,conventional,2017,Orlando,10,32,1776841
958,6640,2837,54436,33058,60530,5704,8555,8589,1684,organic,2017,Syracuse,10,32,407259
959,5356,4650,34494,67679,76100,7284,2837,7617,7149,conventional,2015,Charlotte,10,32,12657
960,6859,4762,65701,67961,34407,3127,3746,3570,7127,organic,2016,California,10,32,13440
961,3540,4387,71788,43286,70330,5644,5800,7550,1316,conventional,2017,Atlanta,10,32,5541
962,4533,4549,59389,45937,33905,8887,8638,5888,5498,conventional,2017,Charlotte,10,32,12657
963,6879,2370,74702,75584,59495,7961,4132,5705,1154,conventional,2015,Syracuse,10,32,7068
964,1084,2781,36715,64891,76405,6136,5929,4387,3016,conventional,2016,Nashville,10,32,5487
965,3577,1209,51303,53141,60127,7137,2472,4520,4523,conventional,2015,Atlanta,10,32,5228750
966,1914,4198,37572,74845,30715,3975,8250,8149,5445,conventional,2015,Syracuse,10,32,7068
967,1646,886,52336,71954,36410,4329,3701,4513,4311,conventional,2015,Sacramento,10,32,1854698
968,6691,4375,37153,44505,45258,8011,3093,8434,4363,organic,2016,Philadelphia,10,32,5637884
969,7768,1971,41104,56118,70395,7893,3688,7368,2496,organic,2015,Syracuse,10,32,29507
970,5554,4740,39976,63462,37435,2401,8399,4660,6072,conventional,2016,Syracuse,10,32,7068
971,2095,2626,62060,78498,36526,6709,5901,8069,646,organic,2016,Syracuse,10,32,7068
972,4393,3086,56153,55745,71538,5826,2904,4992,1925,organic,2018,Spokane,10,32,403043
973,2682,1188,59257,65766,46049,3576,2154,5696,5445,organic,2017,Tampa,10,32,2804240
974,4910,728,78468,49700,76592,2051,2463,6013,4773,organic,2016,Jacksonville,10,32,108872
975,7418,508,51502,72876,36865,6079,5522,4496,3866,conventional,2016,Albany,10,32,20143
976,6098,4538,55554,53627,77958,6678,7584,7398,2090,conventional,2016,Portland,10,32,5070
977,1739,2428,31738,61529,61525,2870,6812,3827,4150,conventional,2015,Portland,10,32,12020
978,6087,2876,61683,58902,62656,4929,7539,2198,2900,conventional,2017,Roanoke,10,32,8135
979,1690,3468,48813,53613,69019,2180,5513,6176,4930,conventional,2017,Syracuse,10,32,29507
980,4958,1514,52449,51108,74608,8042,7570,5426,4602,organic,2016,Columbus,10,32,6675
981,1884,2022,56715,61753,38301,7576,2972,7776,1368,conventional,2016,Jacksonville,10,32,21512
982,6626,1672,76192,58752,43816,2168,7087,5720,5708,conventional,2017,Syracuse,10,32,407259
983,1897,4458,55455,66845,30958,5410,5474,4459,5414,conventional,2016,Orlando,10,32,1776841
984,5365,191,44023,40720,66443,7495,2871,7643,7524,organic,2016,Louisville,10,32,21128
985,6959,3991,79395,60735,59373,2563,2748,3129,806,conventional,2016,California,10,32,6364
986,7713,3087,30056,32276,75987,8410,6118,6480,5056,organic,2018,Boston,10,32,4637537
987,1572,3550,78130,30911,31481,8365,8767,2405,3720,organic,2017,Syracuse,10,32,7068
988,5611,3958,59890,54443,78856,2980,8887,7873,5900,conventional,2018,California,10,32,6364
989,1790,3650,57344,39886,53261,2052,6199,6239,5803,conventional,2017,California,10,32,13440
990,2103,1305,60991,36841,40833,4862,2943,4786,900,conventional,2016,Nashville,10,32,1076645
991,2614,2479,63261,75961,43559,4577,3010,4599,6374,conventional,2015,Columbus,10,32,6675
992,5181,2155,63547,67744,55106,7292,2003,2368,3776,conventional,2016,Jacksonville,10,32,21512
993,2729,4783,37071,63288,49171,5772,6053,4019,6055,conventional,2015,Roanoke,10,32,8135
994,2099,4087,78458,32975,71465,6491,3273,4929,7507,organic,2015,Southeast,10,32,18288
995,7110,4313,70264,55432,50789,2281,2686,7451,5393,organic,2016,Roanoke,10,32,216177
996,1303,2080,46983,62262,45703,3821,2759,6335,4468,conventional,2016,Columbus,10,32,259160
997,3427,4516,66750,58084,74851,5070,3509,7698,1737,conventional,2017,Charlotte,10,32,1467362
998,4768,648,56814,47091,60063,2318,7258,4595,2556,conventional,2017,Atlanta,10,32,5541
999,6920,1765,72233,39781,58570,3014,3313,8868,7506,conventional,2018,Nashville,10,32,5487
1000,3071,4443,47115,35978,56783,2984,8713,2392,6518,organic,2016,Tampa,10,32,2804240